time_s,event_type,name,signpost_id,message,process,thread
15.686657375,End,FeedDrag,0x62,drag ended,Sekai (9071),"Main Thread (0xde42e) (Sekai, pid: 9071)"
15.686660166,Begin,FeedDeceleration,0x66,,Sekai (9071),"Main Thread (0xde42e) (Sekai, pid: 9071)"
15.704862,Event,WebNavigationCommit,OS_SIGNPOST_ID_EXCLUSIVE,item=game_0003,Sekai (9071),"Main Thread (0xde42e) (Sekai, pid: 9071)"
16.019764333,Begin,FeedWebViewDetach,0x67,item=game_0005,Sekai (9071),"Main Thread (0xde42e) (Sekai, pid: 9071)"
16.020087458,End,FeedWebViewDetach,0x67,completed,Sekai (9071),"Main Thread (0xde42e) (Sekai, pid: 9071)"
16.036286166,End,FeedDeceleration,0x66,settled,Sekai (9071),"Main Thread (0xde42e) (Sekai, pid: 9071)"
16.036289375,Begin,FeedSettle,0x68,,Sekai (9071),"Main Thread (0xde42e) (Sekai, pid: 9071)"
16.036297625,Event,FeedCurrentItem,OS_SIGNPOST_ID_EXCLUSIVE,index=2 item=game_0003,Sekai (9071),"Main Thread (0xde42e) (Sekai, pid: 9071)"
16.036299291,Begin,FeedAssignWindow,0x69,item=game_0003,Sekai (9071),"Main Thread (0xde42e) (Sekai, pid: 9071)"
16.036322,Begin,FeedRenderCells,0x6a,,Sekai (9071),"Main Thread (0xde42e) (Sekai, pid: 9071)"
16.036349458,End,FeedRenderCells,0x6a,completed,Sekai (9071),"Main Thread (0xde42e) (Sekai, pid: 9071)"
16.036352291,End,FeedAssignWindow,0x69,completed,Sekai (9071),"Main Thread (0xde42e) (Sekai, pid: 9071)"
16.036362791,Event,FeedEligibility,OS_SIGNPOST_ID_EXCLUSIVE,item=game_0003,Sekai (9071),"Main Thread (0xde42e) (Sekai, pid: 9071)"
16.036499625,End,FeedSettle,0x68,completed,Sekai (9071),"Main Thread (0xde42e) (Sekai, pid: 9071)"
16.036624541,Begin,WebPoolReconcile,0x6b,current=game_0003 eligible=game_0003,Sekai (9071),"Main Thread (0xde42e) (Sekai, pid: 9071)"
16.036634208,Begin,WebSlotReset,0x6c,item=game_0006,Sekai (9071),"Main Thread (0xde42e) (Sekai, pid: 9071)"
16.036723166,End,WebLoadToReady,0x44,reset or cancelled,Sekai (9071),"Main Thread (0xde42e) (Sekai, pid: 9071)"
16.036857416,End,WebSlotReset,0x6c,completed,Sekai (9071),"Main Thread (0xde42e) (Sekai, pid: 9071)"
16.036873916,Begin,FeedRenderCells,0x6d,,Sekai (9071),"Main Thread (0xde42e) (Sekai, pid: 9071)"
16.036888875,End,FeedRenderCells,0x6d,completed,Sekai (9071),"Main Thread (0xde42e) (Sekai, pid: 9071)"
16.036890208,End,WebPoolReconcile,0x6b,completed,Sekai (9071),"Main Thread (0xde42e) (Sekai, pid: 9071)"
16.21192525,Begin,FeedDrag,0x6e,item=game_0003,Sekai (9071),"Main Thread (0xde42e) (Sekai, pid: 9071)"
16.211938291,Event,FeedEligibility,OS_SIGNPOST_ID_EXCLUSIVE,item=none,Sekai (9071),"Main Thread (0xde42e) (Sekai, pid: 9071)"
16.213418666,Begin,WebPoolReconcile,0x6f,current=game_0003 eligible=none,Sekai (9071),"Main Thread (0xde42e) (Sekai, pid: 9071)"
16.21344225,Begin,FeedRenderCells,0x70,,Sekai (9071),"Main Thread (0xde42e) (Sekai, pid: 9071)"
16.213465916,End,FeedRenderCells,0x70,completed,Sekai (9071),"Main Thread (0xde42e) (Sekai, pid: 9071)"
16.213467541,End,WebPoolReconcile,0x6f,completed,Sekai (9071),"Main Thread (0xde42e) (Sekai, pid: 9071)"
16.291253833,Event,WebNavigationCommit,OS_SIGNPOST_ID_EXCLUSIVE,item=blank,Sekai (9071),"Main Thread (0xde42e) (Sekai, pid: 9071)"
16.295086125,Begin,WebPoolReconcile,0x71,current=game_0003 eligible=none,Sekai (9071),"Main Thread (0xde42e) (Sekai, pid: 9071)"
16.295182291,Begin,WebLoadToReady,0x72,item=game_0001 role=adjacent slot=1,Sekai (9071),"Main Thread (0xde42e) (Sekai, pid: 9071)"
16.295424916,Begin,FeedRenderCells,0x73,,Sekai (9071),"Main Thread (0xde42e) (Sekai, pid: 9071)"
16.295434625,Begin,FeedWebViewAttach,0x74,item=game_0001,Sekai (9071),"Main Thread (0xde42e) (Sekai, pid: 9071)"
16.296143458,End,FeedWebViewAttach,0x74,completed,Sekai (9071),"Main Thread (0xde42e) (Sekai, pid: 9071)"
16.296316166,End,FeedRenderCells,0x73,completed,Sekai (9071),"Main Thread (0xde42e) (Sekai, pid: 9071)"
16.296317916,End,WebPoolReconcile,0x71,completed,Sekai (9071),"Main Thread (0xde42e) (Sekai, pid: 9071)"
16.297039625,End,FeedDrag,0x6e,drag ended,Sekai (9071),"Main Thread (0xde42e) (Sekai, pid: 9071)"
16.29704175,Begin,FeedDeceleration,0x75,,Sekai (9071),"Main Thread (0xde42e) (Sekai, pid: 9071)"
16.316959625,Begin,FeedRenderCells,0x76,,Sekai (9071),"Main Thread (0xde42e) (Sekai, pid: 9071)"
16.316998375,End,FeedRenderCells,0x76,completed,Sekai (9071),"Main Thread (0xde42e) (Sekai, pid: 9071)"
16.483590458,Event,WebNavigationCommit,OS_SIGNPOST_ID_EXCLUSIVE,item=game_0001,Sekai (9071),"Main Thread (0xde42e) (Sekai, pid: 9071)"
16.619848875,Begin,FeedWebViewDetach,0x77,item=game_0003,Sekai (9071),"Main Thread (0xde42e) (Sekai, pid: 9071)"
16.623160958,End,FeedWebViewDetach,0x77,completed,Sekai (9071),"Main Thread (0xde42e) (Sekai, pid: 9071)"
16.636388333,End,FeedDeceleration,0x75,settled,Sekai (9071),"Main Thread (0xde42e) (Sekai, pid: 9071)"
16.636395416,Begin,FeedSettle,0x78,,Sekai (9071),"Main Thread (0xde42e) (Sekai, pid: 9071)"
16.636403125,Event,FeedCurrentItem,OS_SIGNPOST_ID_EXCLUSIVE,index=1 item=game_0001,Sekai (9071),"Main Thread (0xde42e) (Sekai, pid: 9071)"
16.636405083,Begin,FeedAssignWindow,0x79,item=game_0001,Sekai (9071),"Main Thread (0xde42e) (Sekai, pid: 9071)"
16.636423708,Begin,FeedRenderCells,0x7a,,Sekai (9071),"Main Thread (0xde42e) (Sekai, pid: 9071)"
16.636454333,End,FeedRenderCells,0x7a,completed,Sekai (9071),"Main Thread (0xde42e) (Sekai, pid: 9071)"
16.636457125,End,FeedAssignWindow,0x79,completed,Sekai (9071),"Main Thread (0xde42e) (Sekai, pid: 9071)"
16.636468583,Event,FeedEligibility,OS_SIGNPOST_ID_EXCLUSIVE,item=game_0001,Sekai (9071),"Main Thread (0xde42e) (Sekai, pid: 9071)"
16.636543083,End,FeedSettle,0x78,completed,Sekai (9071),"Main Thread (0xde42e) (Sekai, pid: 9071)"
16.636667291,Begin,WebPoolReconcile,0x7b,current=game_0001 eligible=game_0001,Sekai (9071),"Main Thread (0xde42e) (Sekai, pid: 9071)"
16.636675291,Begin,WebSlotReset,0x7c,item=game_0005,Sekai (9071),"Main Thread (0xde42e) (Sekai, pid: 9071)"
16.63676325,End,WebLoadToReady,0x34,reset or cancelled,Sekai (9071),"Main Thread (0xde42e) (Sekai, pid: 9071)"
16.636889,End,WebSlotReset,0x7c,completed,Sekai (9071),"Main Thread (0xde42e) (Sekai, pid: 9071)"
16.636913666,Begin,FeedRenderCells,0x7d,,Sekai (9071),"Main Thread (0xde42e) (Sekai, pid: 9071)"
16.636931958,End,FeedRenderCells,0x7d,completed,Sekai (9071),"Main Thread (0xde42e) (Sekai, pid: 9071)"
16.636933333,End,WebPoolReconcile,0x7b,completed,Sekai (9071),"Main Thread (0xde42e) (Sekai, pid: 9071)"
16.67010825,Event,WebNavigationCommit,OS_SIGNPOST_ID_EXCLUSIVE,item=blank,Sekai (9071),"Main Thread (0xde42e) (Sekai, pid: 9071)"
16.673932208,Begin,WebPoolReconcile,0x7e,current=game_0001 eligible=game_0001,Sekai (9071),"Main Thread (0xde42e) (Sekai, pid: 9071)"
16.6740175,Begin,WebLoadToReady,0x7f,item=game_0000 role=adjacent slot=0,Sekai (9071),"Main Thread (0xde42e) (Sekai, pid: 9071)"
16.6742065,Begin,FeedRenderCells,0x80,,Sekai (9071),"Main Thread (0xde42e) (Sekai, pid: 9071)"
16.674235291,End,FeedRenderCells,0x80,completed,Sekai (9071),"Main Thread (0xde42e) (Sekai, pid: 9071)"
16.674237083,End,WebPoolReconcile,0x7e,completed,Sekai (9071),"Main Thread (0xde42e) (Sekai, pid: 9071)"
16.690156958,Begin,FeedRenderCells,0x81,,Sekai (9071),"Main Thread (0xde42e) (Sekai, pid: 9071)"
16.690186416,End,FeedRenderCells,0x81,completed,Sekai (9071),"Main Thread (0xde42e) (Sekai, pid: 9071)"
16.821944666,Event,WebNavigationCommit,OS_SIGNPOST_ID_EXCLUSIVE,item=game_0000,Sekai (9071),"Main Thread (0xde42e) (Sekai, pid: 9071)"
16.878294291,Begin,FeedDrag,0x82,item=game_0001,Sekai (9071),"Main Thread (0xde42e) (Sekai, pid: 9071)"
16.878309166,Event,FeedEligibility,OS_SIGNPOST_ID_EXCLUSIVE,item=none,Sekai (9071),"Main Thread (0xde42e) (Sekai, pid: 9071)"
16.878590166,Begin,WebPoolReconcile,0x83,current=game_0001 eligible=none,Sekai (9071),"Main Thread (0xde42e) (Sekai, pid: 9071)"
16.878611,Begin,FeedRenderCells,0x84,,Sekai (9071),"Main Thread (0xde42e) (Sekai, pid: 9071)"
16.878634708,End,FeedRenderCells,0x84,completed,Sekai (9071),"Main Thread (0xde42e) (Sekai, pid: 9071)"
16.87863625,End,WebPoolReconcile,0x83,completed,Sekai (9071),"Main Thread (0xde42e) (Sekai, pid: 9071)"
16.895083,Begin,FeedWebViewAttach,0x85,item=game_0000,Sekai (9071),"Main Thread (0xde42e) (Sekai, pid: 9071)"
16.896559666,End,FeedWebViewAttach,0x85,completed,Sekai (9071),"Main Thread (0xde42e) (Sekai, pid: 9071)"
16.93649175,End,FeedDrag,0x82,drag ended,Sekai (9071),"Main Thread (0xde42e) (Sekai, pid: 9071)"
16.936495125,Begin,FeedDeceleration,0x86,,Sekai (9071),"Main Thread (0xde42e) (Sekai, pid: 9071)"
17.253372541,Begin,FeedWebViewDetach,0x87,item=game_0001,Sekai (9071),"Main Thread (0xde42e) (Sekai, pid: 9071)"
17.253657458,End,FeedWebViewDetach,0x87,completed,Sekai (9071),"Main Thread (0xde42e) (Sekai, pid: 9071)"
17.269806958,End,FeedDeceleration,0x86,settled,Sekai (9071),"Main Thread (0xde42e) (Sekai, pid: 9071)"
17.269810125,Begin,FeedSettle,0x88,,Sekai (9071),"Main Thread (0xde42e) (Sekai, pid: 9071)"
17.269818583,Event,FeedCurrentItem,OS_SIGNPOST_ID_EXCLUSIVE,index=0 item=game_0000,Sekai (9071),"Main Thread (0xde42e) (Sekai, pid: 9071)"
17.269820375,Begin,FeedAssignWindow,0x89,item=game_0000,Sekai (9071),"Main Thread (0xde42e) (Sekai, pid: 9071)"
17.269839125,Begin,FeedRenderCells,0x8a,,Sekai (9071),"Main Thread (0xde42e) (Sekai, pid: 9071)"
17.269867291,End,FeedRenderCells,0x8a,completed,Sekai (9071),"Main Thread (0xde42e) (Sekai, pid: 9071)"
17.269869583,End,FeedAssignWindow,0x89,completed,Sekai (9071),"Main Thread (0xde42e) (Sekai, pid: 9071)"
17.269881291,Event,FeedEligibility,OS_SIGNPOST_ID_EXCLUSIVE,item=game_0000,Sekai (9071),"Main Thread (0xde42e) (Sekai, pid: 9071)"
17.269957541,End,FeedSettle,0x88,completed,Sekai (9071),"Main Thread (0xde42e) (Sekai, pid: 9071)"
17.270086375,Begin,WebPoolReconcile,0x8b,current=game_0000 eligible=game_0000,Sekai (9071),"Main Thread (0xde42e) (Sekai, pid: 9071)"
17.270096583,Begin,WebSlotReset,0x8c,item=game_0003,Sekai (9071),"Main Thread (0xde42e) (Sekai, pid: 9071)"
17.270196833,End,WebLoadToReady,0x5f,reset or cancelled,Sekai (9071),"Main Thread (0xde42e) (Sekai, pid: 9071)"
17.270320208,End,WebSlotReset,0x8c,completed,Sekai (9071),"Main Thread (0xde42e) (Sekai, pid: 9071)"
17.270332458,Begin,FeedRenderCells,0x8d,,Sekai (9071),"Main Thread (0xde42e) (Sekai, pid: 9071)"
17.270346916,End,FeedRenderCells,0x8d,completed,Sekai (9071),"Main Thread (0xde42e) (Sekai, pid: 9071)"
17.270348208,End,WebPoolReconcile,0x8b,completed,Sekai (9071),"Main Thread (0xde42e) (Sekai, pid: 9071)"
17.528378208,Begin,FeedDrag,0x8e,item=game_0000,Sekai (9071),"Main Thread (0xde42e) (Sekai, pid: 9071)"
17.528391416,Event,FeedEligibility,OS_SIGNPOST_ID_EXCLUSIVE,item=none,Sekai (9071),"Main Thread (0xde42e) (Sekai, pid: 9071)"
17.528652416,Begin,WebPoolReconcile,0x8f,current=game_0000 eligible=none,Sekai (9071),"Main Thread (0xde42e) (Sekai, pid: 9071)"
17.528670666,Begin,FeedRenderCells,0x90,,Sekai (9071),"Main Thread (0xde42e) (Sekai, pid: 9071)"
17.52869475,End,FeedRenderCells,0x90,completed,Sekai (9071),"Main Thread (0xde42e) (Sekai, pid: 9071)"
17.528712166,End,WebPoolReconcile,0x8f,completed,Sekai (9071),"Main Thread (0xde42e) (Sekai, pid: 9071)"
17.546352875,Begin,FeedWebViewAttach,0x91,item=game_0001,Sekai (9071),"Main Thread (0xde42e) (Sekai, pid: 9071)"
17.547008375,End,FeedWebViewAttach,0x91,completed,Sekai (9071),"Main Thread (0xde42e) (Sekai, pid: 9071)"
17.578249708,End,FeedDrag,0x8e,drag ended,Sekai (9071),"Main Thread (0xde42e) (Sekai, pid: 9071)"
17.578252583,Begin,FeedDeceleration,0x92,,Sekai (9071),"Main Thread (0xde42e) (Sekai, pid: 9071)"
17.903563125,End,FeedDeceleration,0x92,new drag,Sekai (9071),"Main Thread (0xde42e) (Sekai, pid: 9071)"
17.903567333,Begin,FeedDrag,0x93,item=game_0000,Sekai (9071),"Main Thread (0xde42e) (Sekai, pid: 9071)"
17.911797208,Begin,FeedWebViewDetach,0x94,item=game_0000,Sekai (9071),"Main Thread (0xde42e) (Sekai, pid: 9071)"
17.912405083,End,FeedWebViewDetach,0x94,completed,Sekai (9071),"Main Thread (0xde42e) (Sekai, pid: 9071)"
17.941720166,Event,WebNavigationCommit,OS_SIGNPOST_ID_EXCLUSIVE,item=blank,Sekai (9071),"Main Thread (0xde42e) (Sekai, pid: 9071)"
17.950120708,Begin,WebPoolReconcile,0x95,current=game_0000 eligible=none,Sekai (9071),"Main Thread (0xde42e) (Sekai, pid: 9071)"
17.95014075,Begin,FeedRenderCells,0x96,,Sekai (9071),"Main Thread (0xde42e) (Sekai, pid: 9071)"
17.950169333,End,FeedRenderCells,0x96,completed,Sekai (9071),"Main Thread (0xde42e) (Sekai, pid: 9071)"
17.950170875,End,WebPoolReconcile,0x95,completed,Sekai (9071),"Main Thread (0xde42e) (Sekai, pid: 9071)"
17.953325958,End,FeedDrag,0x93,drag ended,Sekai (9071),"Main Thread (0xde42e) (Sekai, pid: 9071)"
17.953328541,Begin,FeedDeceleration,0x97,,Sekai (9071),"Main Thread (0xde42e) (Sekai, pid: 9071)"
18.28800825,Begin,FeedWebViewDetach,0x98,item=game_0001,Sekai (9071),"Main Thread (0xde42e) (Sekai, pid: 9071)"
18.288302208,End,FeedWebViewDetach,0x98,completed,Sekai (9071),"Main Thread (0xde42e) (Sekai, pid: 9071)"
18.328448833,End,FeedDeceleration,0x97,new drag,Sekai (9071),"Main Thread (0xde42e) (Sekai, pid: 9071)"
18.328452541,Begin,FeedDrag,0x99,item=game_0000,Sekai (9071),"Main Thread (0xde42e) (Sekai, pid: 9071)"
18.370056083,End,FeedDrag,0x99,drag ended,Sekai (9071),"Main Thread (0xde42e) (Sekai, pid: 9071)"
18.370058791,Begin,FeedDeceleration,0x9a,,Sekai (9071),"Main Thread (0xde42e) (Sekai, pid: 9071)"
18.703374875,End,FeedDeceleration,0x9a,settled,Sekai (9071),"Main Thread (0xde42e) (Sekai, pid: 9071)"
18.703378375,Begin,FeedSettle,0x9b,,Sekai (9071),"Main Thread (0xde42e) (Sekai, pid: 9071)"
18.703385958,Event,FeedCurrentItem,OS_SIGNPOST_ID_EXCLUSIVE,index=3 item=game_0005,Sekai (9071),"Main Thread (0xde42e) (Sekai, pid: 9071)"
18.703387791,Begin,FeedAssignWindow,0x9c,item=game_0005,Sekai (9071),"Main Thread (0xde42e) (Sekai, pid: 9071)"
18.703407291,Begin,FeedRenderCells,0x9d,,Sekai (9071),"Main Thread (0xde42e) (Sekai, pid: 9071)"
18.703432458,End,FeedRenderCells,0x9d,completed,Sekai (9071),"Main Thread (0xde42e) (Sekai, pid: 9071)"
18.703435416,End,FeedAssignWindow,0x9c,completed,Sekai (9071),"Main Thread (0xde42e) (Sekai, pid: 9071)"
18.703446,Event,FeedEligibility,OS_SIGNPOST_ID_EXCLUSIVE,item=game_0005,Sekai (9071),"Main Thread (0xde42e) (Sekai, pid: 9071)"
18.703519291,End,FeedSettle,0x9b,completed,Sekai (9071),"Main Thread (0xde42e) (Sekai, pid: 9071)"
18.70363175,Begin,WebPoolReconcile,0x9e,current=game_0005 eligible=game_0005,Sekai (9071),"Main Thread (0xde42e) (Sekai, pid: 9071)"
18.703638333,Begin,WebSlotReset,0x9f,item=game_0000,Sekai (9071),"Main Thread (0xde42e) (Sekai, pid: 9071)"
18.703707625,End,WebLoadToReady,0x7f,reset or cancelled,Sekai (9071),"Main Thread (0xde42e) (Sekai, pid: 9071)"
18.703835791,End,WebSlotReset,0x9f,completed,Sekai (9071),"Main Thread (0xde42e) (Sekai, pid: 9071)"
18.703840083,Begin,WebSlotReset,0xa0,item=game_0001,Sekai (9071),"Main Thread (0xde42e) (Sekai, pid: 9071)"
18.703908958,End,WebLoadToReady,0x72,reset or cancelled,Sekai (9071),"Main Thread (0xde42e) (Sekai, pid: 9071)"
18.70396125,End,WebSlotReset,0xa0,completed,Sekai (9071),"Main Thread (0xde42e) (Sekai, pid: 9071)"
18.703997791,Begin,WebLoadToReady,0xa1,item=game_0005 role=current slot=2,Sekai (9071),"Main Thread (0xde42e) (Sekai, pid: 9071)"
18.704180291,Begin,FeedRenderCells,0xa2,,Sekai (9071),"Main Thread (0xde42e) (Sekai, pid: 9071)"
18.704186083,Begin,FeedWebViewAttach,0xa3,item=game_0005,Sekai (9071),"Main Thread (0xde42e) (Sekai, pid: 9071)"
18.955650958,End,FeedWebViewAttach,0xa3,completed,Sekai (9071),"Main Thread (0xde42e) (Sekai, pid: 9071)"
18.955758458,End,FeedRenderCells,0xa2,completed,Sekai (9071),"Main Thread (0xde42e) (Sekai, pid: 9071)"
18.955759666,End,WebPoolReconcile,0x9e,completed,Sekai (9071),"Main Thread (0xde42e) (Sekai, pid: 9071)"
18.957186708,Begin,FeedDrag,0xa4,item=game_0005,Sekai (9071),"Main Thread (0xde42e) (Sekai, pid: 9071)"
18.957193458,Event,FeedEligibility,OS_SIGNPOST_ID_EXCLUSIVE,item=none,Sekai (9071),"Main Thread (0xde42e) (Sekai, pid: 9071)"
18.957369,End,FeedDrag,0xa4,drag ended,Sekai (9071),"Main Thread (0xde42e) (Sekai, pid: 9071)"
18.957370375,Begin,FeedSettle,0xa5,,Sekai (9071),"Main Thread (0xde42e) (Sekai, pid: 9071)"
18.957373125,Event,FeedCurrentItem,OS_SIGNPOST_ID_EXCLUSIVE,index=3 item=game_0005,Sekai (9071),"Main Thread (0xde42e) (Sekai, pid: 9071)"
18.957373875,Begin,FeedAssignWindow,0xa6,item=game_0005,Sekai (9071),"Main Thread (0xde42e) (Sekai, pid: 9071)"
18.957379166,Begin,FeedRenderCells,0xa7,,Sekai (9071),"Main Thread (0xde42e) (Sekai, pid: 9071)"
18.9573915,End,FeedRenderCells,0xa7,completed,Sekai (9071),"Main Thread (0xde42e) (Sekai, pid: 9071)"
18.957395041,End,FeedAssignWindow,0xa6,completed,Sekai (9071),"Main Thread (0xde42e) (Sekai, pid: 9071)"
18.957398,Event,FeedEligibility,OS_SIGNPOST_ID_EXCLUSIVE,item=game_0005,Sekai (9071),"Main Thread (0xde42e) (Sekai, pid: 9071)"
18.957415416,End,FeedSettle,0xa5,completed,Sekai (9071),"Main Thread (0xde42e) (Sekai, pid: 9071)"
18.95829875,Begin,WebPoolReconcile,0xa8,current=game_0005 eligible=game_0005,Sekai (9071),"Main Thread (0xde42e) (Sekai, pid: 9071)"
18.958310416,Begin,FeedRenderCells,0xa9,,Sekai (9071),"Main Thread (0xde42e) (Sekai, pid: 9071)"
18.958316958,End,FeedRenderCells,0xa9,completed,Sekai (9071),"Main Thread (0xde42e) (Sekai, pid: 9071)"
18.958317666,End,WebPoolReconcile,0xa8,completed,Sekai (9071),"Main Thread (0xde42e) (Sekai, pid: 9071)"
18.959447958,Begin,FeedRenderCells,0xaa,,Sekai (9071),"Main Thread (0xde42e) (Sekai, pid: 9071)"
18.959470833,End,FeedRenderCells,0xaa,completed,Sekai (9071),"Main Thread (0xde42e) (Sekai, pid: 9071)"
18.967298,Event,WebNavigationCommit,OS_SIGNPOST_ID_EXCLUSIVE,item=blank,Sekai (9071),"Main Thread (0xde42e) (Sekai, pid: 9071)"
18.971345,Begin,WebPoolReconcile,0xab,current=game_0005 eligible=game_0005,Sekai (9071),"Main Thread (0xde42e) (Sekai, pid: 9071)"
18.971432333,Begin,WebLoadToReady,0xac,item=game_0003 role=adjacent slot=1,Sekai (9071),"Main Thread (0xde42e) (Sekai, pid: 9071)"
18.971605416,Begin,FeedRenderCells,0xad,,Sekai (9071),"Main Thread (0xde42e) (Sekai, pid: 9071)"
18.971628291,End,FeedRenderCells,0xad,completed,Sekai (9071),"Main Thread (0xde42e) (Sekai, pid: 9071)"
18.971629833,End,WebPoolReconcile,0xab,completed,Sekai (9071),"Main Thread (0xde42e) (Sekai, pid: 9071)"
18.975004458,Begin,FeedRenderCells,0xae,,Sekai (9071),"Main Thread (0xde42e) (Sekai, pid: 9071)"
18.975025416,End,FeedRenderCells,0xae,completed,Sekai (9071),"Main Thread (0xde42e) (Sekai, pid: 9071)"
19.06775625,Event,WebNavigationCommit,OS_SIGNPOST_ID_EXCLUSIVE,item=game_0005,Sekai (9071),"Main Thread (0xde42e) (Sekai, pid: 9071)"
19.200355375,Event,WebNavigationCommit,OS_SIGNPOST_ID_EXCLUSIVE,item=blank,Sekai (9071),"Main Thread (0xde42e) (Sekai, pid: 9071)"
19.202981083,Begin,WebPoolReconcile,0xaf,current=game_0005 eligible=game_0005,Sekai (9071),"Main Thread (0xde42e) (Sekai, pid: 9071)"
19.203046916,Begin,WebLoadToReady,0xb0,item=game_0006 role=adjacent slot=0,Sekai (9071),"Main Thread (0xde42e) (Sekai, pid: 9071)"
19.203156458,Begin,FeedRenderCells,0xb1,,Sekai (9071),"Main Thread (0xde42e) (Sekai, pid: 9071)"
19.2031735,End,FeedRenderCells,0xb1,completed,Sekai (9071),"Main Thread (0xde42e) (Sekai, pid: 9071)"
19.203174625,End,WebPoolReconcile,0xaf,completed,Sekai (9071),"Main Thread (0xde42e) (Sekai, pid: 9071)"
19.207575875,Begin,FeedRenderCells,0xb2,,Sekai (9071),"Main Thread (0xde42e) (Sekai, pid: 9071)"
19.207598916,End,FeedRenderCells,0xb2,completed,Sekai (9071),"Main Thread (0xde42e) (Sekai, pid: 9071)"
19.227806583,Event,WebNavigationCommit,OS_SIGNPOST_ID_EXCLUSIVE,item=game_0003,Sekai (9071),"Main Thread (0xde42e) (Sekai, pid: 9071)"
19.396346666,Event,WebNavigationCommit,OS_SIGNPOST_ID_EXCLUSIVE,item=game_0006,Sekai (9071),"Main Thread (0xde42e) (Sekai, pid: 9071)"
20.978849708,Begin,FeedDrag,0xb3,item=game_0005,Sekai (9071),"Main Thread (0xde42e) (Sekai, pid: 9071)"
20.97885675,Event,FeedEligibility,OS_SIGNPOST_ID_EXCLUSIVE,item=none,Sekai (9071),"Main Thread (0xde42e) (Sekai, pid: 9071)"
20.979006625,Begin,WebPoolReconcile,0xb4,current=game_0005 eligible=none,Sekai (9071),"Main Thread (0xde42e) (Sekai, pid: 9071)"
20.979017541,Begin,FeedRenderCells,0xb5,,Sekai (9071),"Main Thread (0xde42e) (Sekai, pid: 9071)"
20.979030291,End,FeedRenderCells,0xb5,completed,Sekai (9071),"Main Thread (0xde42e) (Sekai, pid: 9071)"
20.979031083,End,WebPoolReconcile,0xb4,completed,Sekai (9071),"Main Thread (0xde42e) (Sekai, pid: 9071)"
20.995487541,Begin,FeedWebViewAttach,0xb6,item=game_0006,Sekai (9071),"Main Thread (0xde42e) (Sekai, pid: 9071)"
20.995909041,End,FeedWebViewAttach,0xb6,completed,Sekai (9071),"Main Thread (0xde42e) (Sekai, pid: 9071)"
21.228973708,End,FeedDrag,0xb3,drag ended,Sekai (9071),"Main Thread (0xde42e) (Sekai, pid: 9071)"
21.228977291,Begin,FeedDeceleration,0xb7,,Sekai (9071),"Main Thread (0xde42e) (Sekai, pid: 9071)"
21.570591666,Begin,FeedWebViewDetach,0xb8,item=game_0005,Sekai (9071),"Main Thread (0xde42e) (Sekai, pid: 9071)"
21.571213,End,FeedWebViewDetach,0xb8,completed,Sekai (9071),"Main Thread (0xde42e) (Sekai, pid: 9071)"
21.58721075,End,FeedDeceleration,0xb7,settled,Sekai (9071),"Main Thread (0xde42e) (Sekai, pid: 9071)"
21.587213708,Begin,FeedSettle,0xb9,,Sekai (9071),"Main Thread (0xde42e) (Sekai, pid: 9071)"
21.587223875,Event,FeedCurrentItem,OS_SIGNPOST_ID_EXCLUSIVE,index=4 item=game_0006,Sekai (9071),"Main Thread (0xde42e) (Sekai, pid: 9071)"
21.587225791,Begin,FeedAssignWindow,0xba,item=game_0006,Sekai (9071),"Main Thread (0xde42e) (Sekai, pid: 9071)"
21.587246541,Begin,FeedRenderCells,0xbb,,Sekai (9071),"Main Thread (0xde42e) (Sekai, pid: 9071)"
21.587273083,End,FeedRenderCells,0xbb,completed,Sekai (9071),"Main Thread (0xde42e) (Sekai, pid: 9071)"
21.587276458,End,FeedAssignWindow,0xba,completed,Sekai (9071),"Main Thread (0xde42e) (Sekai, pid: 9071)"
21.587288291,Event,FeedEligibility,OS_SIGNPOST_ID_EXCLUSIVE,item=game_0006,Sekai (9071),"Main Thread (0xde42e) (Sekai, pid: 9071)"
21.587362833,End,FeedSettle,0xb9,completed,Sekai (9071),"Main Thread (0xde42e) (Sekai, pid: 9071)"
21.587483875,Begin,WebPoolReconcile,0xbc,current=game_0006 eligible=game_0006,Sekai (9071),"Main Thread (0xde42e) (Sekai, pid: 9071)"
21.587493708,Begin,WebSlotReset,0xbd,item=game_0003,Sekai (9071),"Main Thread (0xde42e) (Sekai, pid: 9071)"
21.587599375,End,WebLoadToReady,0xac,reset or cancelled,Sekai (9071),"Main Thread (0xde42e) (Sekai, pid: 9071)"
21.587737041,End,WebSlotReset,0xbd,completed,Sekai (9071),"Main Thread (0xde42e) (Sekai, pid: 9071)"
21.587754958,Begin,FeedRenderCells,0xbe,,Sekai (9071),"Main Thread (0xde42e) (Sekai, pid: 9071)"
21.587770625,End,FeedRenderCells,0xbe,completed,Sekai (9071),"Main Thread (0xde42e) (Sekai, pid: 9071)"
21.587771916,End,WebPoolReconcile,0xbc,completed,Sekai (9071),"Main Thread (0xde42e) (Sekai, pid: 9071)"
22.045759625,Begin,FeedDrag,0xbf,item=game_0006,Sekai (9071),"Main Thread (0xde42e) (Sekai, pid: 9071)"
22.045773666,Event,FeedEligibility,OS_SIGNPOST_ID_EXCLUSIVE,item=none,Sekai (9071),"Main Thread (0xde42e) (Sekai, pid: 9071)"
22.04605075,Begin,WebPoolReconcile,0xc0,current=game_0006 eligible=none,Sekai (9071),"Main Thread (0xde42e) (Sekai, pid: 9071)"
22.046074416,Begin,FeedRenderCells,0xc1,,Sekai (9071),"Main Thread (0xde42e) (Sekai, pid: 9071)"
22.046099083,End,FeedRenderCells,0xc1,completed,Sekai (9071),"Main Thread (0xde42e) (Sekai, pid: 9071)"
22.046100708,End,WebPoolReconcile,0xc0,completed,Sekai (9071),"Main Thread (0xde42e) (Sekai, pid: 9071)"
22.154089625,End,FeedDrag,0xbf,drag ended,Sekai (9071),"Main Thread (0xde42e) (Sekai, pid: 9071)"
22.154093,Begin,FeedDeceleration,0xc2,,Sekai (9071),"Main Thread (0xde42e) (Sekai, pid: 9071)"
22.487419833,Begin,FeedWebViewDetach,0xc3,item=game_0006,Sekai (9071),"Main Thread (0xde42e) (Sekai, pid: 9071)"
22.487742166,End,FeedWebViewDetach,0xc3,completed,Sekai (9071),"Main Thread (0xde42e) (Sekai, pid: 9071)"
22.50402925,End,FeedDeceleration,0xc2,settled,Sekai (9071),"Main Thread (0xde42e) (Sekai, pid: 9071)"
22.504032583,Begin,FeedSettle,0xc4,,Sekai (9071),"Main Thread (0xde42e) (Sekai, pid: 9071)"
22.504041833,Event,FeedCurrentItem,OS_SIGNPOST_ID_EXCLUSIVE,index=5 item=game_0007,Sekai (9071),"Main Thread (0xde42e) (Sekai, pid: 9071)"
22.504043791,Begin,FeedAssignWindow,0xc5,item=game_0007,Sekai (9071),"Main Thread (0xde42e) (Sekai, pid: 9071)"
22.504066125,Begin,FeedRenderCells,0xc6,,Sekai (9071),"Main Thread (0xde42e) (Sekai, pid: 9071)"
22.504089958,End,FeedRenderCells,0xc6,completed,Sekai (9071),"Main Thread (0xde42e) (Sekai, pid: 9071)"
22.50410775,End,FeedAssignWindow,0xc5,completed,Sekai (9071),"Main Thread (0xde42e) (Sekai, pid: 9071)"
22.504119833,Event,FeedEligibility,OS_SIGNPOST_ID_EXCLUSIVE,item=game_0007,Sekai (9071),"Main Thread (0xde42e) (Sekai, pid: 9071)"
22.504200083,End,FeedSettle,0xc4,completed,Sekai (9071),"Main Thread (0xde42e) (Sekai, pid: 9071)"
22.504327125,Begin,WebPoolReconcile,0xc7,current=game_0007 eligible=game_0007,Sekai (9071),"Main Thread (0xde42e) (Sekai, pid: 9071)"
22.504346041,Begin,WebSlotReset,0xc8,item=game_0005,Sekai (9071),"Main Thread (0xde42e) (Sekai, pid: 9071)"
22.504445958,End,WebLoadToReady,0xa1,reset or cancelled,Sekai (9071),"Main Thread (0xde42e) (Sekai, pid: 9071)"
22.504584625,End,WebSlotReset,0xc8,completed,Sekai (9071),"Main Thread (0xde42e) (Sekai, pid: 9071)"
22.504602916,Begin,FeedRenderCells,0xc9,,Sekai (9071),"Main Thread (0xde42e) (Sekai, pid: 9071)"
22.504616375,End,FeedRenderCells,0xc9,completed,Sekai (9071),"Main Thread (0xde42e) (Sekai, pid: 9071)"
22.504617791,End,WebPoolReconcile,0xc7,completed,Sekai (9071),"Main Thread (0xde42e) (Sekai, pid: 9071)"
22.5046375,Begin,FeedFilter,0xca,count=10,Sekai (9071),"Main Thread (0xde42e) (Sekai, pid: 9071)"
22.504647958,End,FeedFilter,0xca,completed,Sekai (9071),"Main Thread (0xde42e) (Sekai, pid: 9071)"
22.504681958,Begin,FeedFilter,0xcb,count=10,Sekai (9071),"Main Thread (0xde42e) (Sekai, pid: 9071)"
22.504689125,End,FeedFilter,0xcb,completed,Sekai (9071),"Main Thread (0xde42e) (Sekai, pid: 9071)"
22.504698708,Begin,FeedFilter,0xcc,count=10,Sekai (9071),"Main Thread (0xde42e) (Sekai, pid: 9071)"
22.504705041,End,FeedFilter,0xcc,completed,Sekai (9071),"Main Thread (0xde42e) (Sekai, pid: 9071)"
22.50471475,Begin,FeedPageLoad,0xcd,page=1 generation=2 attempt=0,Sekai (9071),"Main Thread (0xde42e) (Sekai, pid: 9071)"
23.056331291,Event,FeedPageReceived,OS_SIGNPOST_ID_EXCLUSIVE,page=1 count=10,Sekai (9071),"Main Thread (0xde42e) (Sekai, pid: 9071)"
23.056370291,Begin,FeedFilter,0xce,count=20,Sekai (9071),"Main Thread (0xde42e) (Sekai, pid: 9071)"
23.056383083,End,FeedFilter,0xce,completed,Sekai (9071),"Main Thread (0xde42e) (Sekai, pid: 9071)"
23.056429333,End,FeedPageLoad,0xcd,completed,Sekai (9071),"Main Thread (0xde42e) (Sekai, pid: 9071)"
23.05643375,Begin,FeedFilter,0xcf,count=20,Sekai (9071),"Main Thread (0xde42e) (Sekai, pid: 9071)"
23.056444,End,FeedFilter,0xcf,completed,Sekai (9071),"Main Thread (0xde42e) (Sekai, pid: 9071)"
23.056963791,Begin,FeedSnapshot,0xd0,old=8 new=16 revision=2,Sekai (9071),"Main Thread (0xde42e) (Sekai, pid: 9071)"
23.056986125,Event,FeedEligibility,OS_SIGNPOST_ID_EXCLUSIVE,item=none,Sekai (9071),"Main Thread (0xde42e) (Sekai, pid: 9071)"
23.061643166,Begin,WebPoolReconcile,0xd1,current=game_0007 eligible=none,Sekai (9071),"Main Thread (0xde42e) (Sekai, pid: 9071)"
23.0616655,Begin,FeedRenderCells,0xd2,,Sekai (9071),"Main Thread (0xde42e) (Sekai, pid: 9071)"
23.061683416,End,FeedRenderCells,0xd2,completed,Sekai (9071),"Main Thread (0xde42e) (Sekai, pid: 9071)"
23.061685208,End,WebPoolReconcile,0xd1,completed,Sekai (9071),"Main Thread (0xde42e) (Sekai, pid: 9071)"
23.061712125,Begin,FeedAssignWindow,0xd3,item=game_0007,Sekai (9071),"Main Thread (0xde42e) (Sekai, pid: 9071)"
23.061724916,Begin,FeedRenderCells,0xd4,,Sekai (9071),"Main Thread (0xde42e) (Sekai, pid: 9071)"
23.061733375,End,FeedRenderCells,0xd4,completed,Sekai (9071),"Main Thread (0xde42e) (Sekai, pid: 9071)"
23.061736541,End,FeedAssignWindow,0xd3,completed,Sekai (9071),"Main Thread (0xde42e) (Sekai, pid: 9071)"
23.06174725,Event,FeedEligibility,OS_SIGNPOST_ID_EXCLUSIVE,item=game_0007,Sekai (9071),"Main Thread (0xde42e) (Sekai, pid: 9071)"
23.061810833,End,FeedSnapshot,0xd0,completed,Sekai (9071),"Main Thread (0xde42e) (Sekai, pid: 9071)"
23.061857958,Begin,WebPoolReconcile,0xd5,current=game_0007 eligible=game_0007,Sekai (9071),"Main Thread (0xde42e) (Sekai, pid: 9071)"
23.061871375,Begin,FeedRenderCells,0xd6,,Sekai (9071),"Main Thread (0xde42e) (Sekai, pid: 9071)"
23.061878583,End,FeedRenderCells,0xd6,completed,Sekai (9071),"Main Thread (0xde42e) (Sekai, pid: 9071)"
23.061879833,End,WebPoolReconcile,0xd5,completed,Sekai (9071),"Main Thread (0xde42e) (Sekai, pid: 9071)"
23.263493875,Event,WebNavigationCommit,OS_SIGNPOST_ID_EXCLUSIVE,item=blank,Sekai (9071),"Main Thread (0xde42e) (Sekai, pid: 9071)"
23.264761041,Begin,WebPoolReconcile,0xd7,current=game_0007 eligible=game_0007,Sekai (9071),"Main Thread (0xde42e) (Sekai, pid: 9071)"
23.264854458,Begin,WebLoadToReady,0xd8,item=game_0007 role=current slot=2,Sekai (9071),"Main Thread (0xde42e) (Sekai, pid: 9071)"
23.265083375,Begin,FeedRenderCells,0xd9,,Sekai (9071),"Main Thread (0xde42e) (Sekai, pid: 9071)"
23.265095375,Begin,FeedWebViewAttach,0xda,item=game_0007,Sekai (9071),"Main Thread (0xde42e) (Sekai, pid: 9071)"
23.265850083,End,FeedWebViewAttach,0xda,completed,Sekai (9071),"Main Thread (0xde42e) (Sekai, pid: 9071)"
23.266027791,End,FeedRenderCells,0xd9,completed,Sekai (9071),"Main Thread (0xde42e) (Sekai, pid: 9071)"
23.26603025,End,WebPoolReconcile,0xd7,completed,Sekai (9071),"Main Thread (0xde42e) (Sekai, pid: 9071)"
23.273795333,Begin,FeedRenderCells,0xdb,,Sekai (9071),"Main Thread (0xde42e) (Sekai, pid: 9071)"
23.27382925,End,FeedRenderCells,0xdb,completed,Sekai (9071),"Main Thread (0xde42e) (Sekai, pid: 9071)"
23.403814041,Event,WebNavigationCommit,OS_SIGNPOST_ID_EXCLUSIVE,item=game_0007,Sekai (9071),"Main Thread (0xde42e) (Sekai, pid: 9071)"
25.079753958,Begin,FeedDrag,0xdc,item=game_0007,Sekai (9071),"Main Thread (0xde42e) (Sekai, pid: 9071)"
25.079771166,Event,FeedEligibility,OS_SIGNPOST_ID_EXCLUSIVE,item=none,Sekai (9071),"Main Thread (0xde42e) (Sekai, pid: 9071)"
25.080053666,Begin,WebPoolReconcile,0xdd,current=game_0007 eligible=none,Sekai (9071),"Main Thread (0xde42e) (Sekai, pid: 9071)"
25.080077583,Begin,FeedRenderCells,0xde,,Sekai (9071),"Main Thread (0xde42e) (Sekai, pid: 9071)"
25.080103708,End,FeedRenderCells,0xde,completed,Sekai (9071),"Main Thread (0xde42e) (Sekai, pid: 9071)"
25.080105333,End,WebPoolReconcile,0xdd,completed,Sekai (9071),"Main Thread (0xde42e) (Sekai, pid: 9071)"
25.379681791,End,FeedDrag,0xdc,drag ended,Sekai (9071),"Main Thread (0xde42e) (Sekai, pid: 9071)"
25.379685666,Begin,FeedDeceleration,0xdf,,Sekai (9071),"Main Thread (0xde42e) (Sekai, pid: 9071)"
25.721406583,End,FeedDeceleration,0xdf,settled,Sekai (9071),"Main Thread (0xde42e) (Sekai, pid: 9071)"
25.72141025,Begin,FeedSettle,0xe0,,Sekai (9071),"Main Thread (0xde42e) (Sekai, pid: 9071)"
25.72141925,Event,FeedCurrentItem,OS_SIGNPOST_ID_EXCLUSIVE,index=6 item=game_0008,Sekai (9071),"Main Thread (0xde42e) (Sekai, pid: 9071)"
25.721421208,Begin,FeedAssignWindow,0xe1,item=game_0008,Sekai (9071),"Main Thread (0xde42e) (Sekai, pid: 9071)"
25.721445416,Begin,FeedRenderCells,0xe2,,Sekai (9071),"Main Thread (0xde42e) (Sekai, pid: 9071)"
25.721482708,End,FeedRenderCells,0xe2,completed,Sekai (9071),"Main Thread (0xde42e) (Sekai, pid: 9071)"
25.721486583,End,FeedAssignWindow,0xe1,completed,Sekai (9071),"Main Thread (0xde42e) (Sekai, pid: 9071)"
25.721501958,Event,FeedEligibility,OS_SIGNPOST_ID_EXCLUSIVE,item=game_0008,Sekai (9071),"Main Thread (0xde42e) (Sekai, pid: 9071)"
25.721589125,End,FeedSettle,0xe0,completed,Sekai (9071),"Main Thread (0xde42e) (Sekai, pid: 9071)"
25.721765958,Begin,FeedWebViewDetach,0xe3,item=game_0007,Sekai (9071),"Main Thread (0xde42e) (Sekai, pid: 9071)"
25.722456833,End,FeedWebViewDetach,0xe3,completed,Sekai (9071),"Main Thread (0xde42e) (Sekai, pid: 9071)"
25.722570708,Begin,WebPoolReconcile,0xe4,current=game_0008 eligible=game_0008,Sekai (9071),"Main Thread (0xde42e) (Sekai, pid: 9071)"
25.722579583,Begin,WebSlotReset,0xe5,item=game_0006,Sekai (9071),"Main Thread (0xde42e) (Sekai, pid: 9071)"
25.722685291,End,WebLoadToReady,0xb0,reset or cancelled,Sekai (9071),"Main Thread (0xde42e) (Sekai, pid: 9071)"
25.7228245,End,WebSlotReset,0xe5,completed,Sekai (9071),"Main Thread (0xde42e) (Sekai, pid: 9071)"
25.722845625,Begin,FeedRenderCells,0xe6,,Sekai (9071),"Main Thread (0xde42e) (Sekai, pid: 9071)"
25.722861333,End,FeedRenderCells,0xe6,completed,Sekai (9071),"Main Thread (0xde42e) (Sekai, pid: 9071)"
25.722862708,End,WebPoolReconcile,0xe4,completed,Sekai (9071),"Main Thread (0xde42e) (Sekai, pid: 9071)"
26.120346208,Event,WebNavigationCommit,OS_SIGNPOST_ID_EXCLUSIVE,item=blank,Sekai (9071),"Main Thread (0xde42e) (Sekai, pid: 9071)"
26.124881916,Begin,WebPoolReconcile,0xe7,current=game_0008 eligible=game_0008,Sekai (9071),"Main Thread (0xde42e) (Sekai, pid: 9071)"
26.124970708,Begin,WebLoadToReady,0xe8,item=game_0008 role=current slot=0,Sekai (9071),"Main Thread (0xde42e) (Sekai, pid: 9071)"
26.125146333,Begin,FeedRenderCells,0xe9,,Sekai (9071),"Main Thread (0xde42e) (Sekai, pid: 9071)"
26.125155833,Begin,FeedWebViewAttach,0xea,item=game_0008,Sekai (9071),"Main Thread (0xde42e) (Sekai, pid: 9071)"
26.125743208,End,FeedWebViewAttach,0xea,completed,Sekai (9071),"Main Thread (0xde42e) (Sekai, pid: 9071)"
26.125890791,End,FeedRenderCells,0xe9,completed,Sekai (9071),"Main Thread (0xde42e) (Sekai, pid: 9071)"
26.125892708,End,WebPoolReconcile,0xe7,completed,Sekai (9071),"Main Thread (0xde42e) (Sekai, pid: 9071)"
26.1435,Begin,FeedRenderCells,0xeb,,Sekai (9071),"Main Thread (0xde42e) (Sekai, pid: 9071)"
26.143537708,End,FeedRenderCells,0xeb,completed,Sekai (9071),"Main Thread (0xde42e) (Sekai, pid: 9071)"
26.442026208,Event,WebNavigationCommit,OS_SIGNPOST_ID_EXCLUSIVE,item=game_0008,Sekai (9071),"Main Thread (0xde42e) (Sekai, pid: 9071)"
26.930035833,Begin,FeedDrag,0xec,item=game_0008,Sekai (9071),"Main Thread (0xde42e) (Sekai, pid: 9071)"
26.930051875,Event,FeedEligibility,OS_SIGNPOST_ID_EXCLUSIVE,item=none,Sekai (9071),"Main Thread (0xde42e) (Sekai, pid: 9071)"
26.930360625,Begin,WebPoolReconcile,0xed,current=game_0008 eligible=none,Sekai (9071),"Main Thread (0xde42e) (Sekai, pid: 9071)"
26.930385625,Begin,FeedRenderCells,0xee,,Sekai (9071),"Main Thread (0xde42e) (Sekai, pid: 9071)"
26.930417125,End,FeedRenderCells,0xee,completed,Sekai (9071),"Main Thread (0xde42e) (Sekai, pid: 9071)"
26.930418958,End,WebPoolReconcile,0xed,completed,Sekai (9071),"Main Thread (0xde42e) (Sekai, pid: 9071)"
27.213323541,End,FeedDrag,0xec,drag ended,Sekai (9071),"Main Thread (0xde42e) (Sekai, pid: 9071)"
27.213327541,Begin,FeedDeceleration,0xef,,Sekai (9071),"Main Thread (0xde42e) (Sekai, pid: 9071)"
27.555051958,End,FeedDeceleration,0xef,settled,Sekai (9071),"Main Thread (0xde42e) (Sekai, pid: 9071)"
27.555055125,Begin,FeedSettle,0xf0,,Sekai (9071),"Main Thread (0xde42e) (Sekai, pid: 9071)"
27.555064625,Event,FeedCurrentItem,OS_SIGNPOST_ID_EXCLUSIVE,index=7 item=game_0009,Sekai (9071),"Main Thread (0xde42e) (Sekai, pid: 9071)"
27.555066666,Begin,FeedAssignWindow,0xf1,item=game_0009,Sekai (9071),"Main Thread (0xde42e) (Sekai, pid: 9071)"
27.555101583,Begin,FeedRenderCells,0xf2,,Sekai (9071),"Main Thread (0xde42e) (Sekai, pid: 9071)"
27.555137875,End,FeedRenderCells,0xf2,completed,Sekai (9071),"Main Thread (0xde42e) (Sekai, pid: 9071)"
27.555142125,End,FeedAssignWindow,0xf1,completed,Sekai (9071),"Main Thread (0xde42e) (Sekai, pid: 9071)"
27.555157583,Event,FeedEligibility,OS_SIGNPOST_ID_EXCLUSIVE,item=game_0009,Sekai (9071),"Main Thread (0xde42e) (Sekai, pid: 9071)"
27.555245291,End,FeedSettle,0xf0,completed,Sekai (9071),"Main Thread (0xde42e) (Sekai, pid: 9071)"
27.555390625,Begin,FeedWebViewDetach,0xf3,item=game_0008,Sekai (9071),"Main Thread (0xde42e) (Sekai, pid: 9071)"
27.556016083,End,FeedWebViewDetach,0xf3,completed,Sekai (9071),"Main Thread (0xde42e) (Sekai, pid: 9071)"
27.55612575,Begin,WebPoolReconcile,0xf4,current=game_0009 eligible=game_0009,Sekai (9071),"Main Thread (0xde42e) (Sekai, pid: 9071)"
27.556135833,Begin,WebSlotReset,0xf5,item=game_0007,Sekai (9071),"Main Thread (0xde42e) (Sekai, pid: 9071)"
27.5562285,End,WebLoadToReady,0xd8,reset or cancelled,Sekai (9071),"Main Thread (0xde42e) (Sekai, pid: 9071)"
27.556359791,End,WebSlotReset,0xf5,completed,Sekai (9071),"Main Thread (0xde42e) (Sekai, pid: 9071)"
27.556378666,Begin,FeedRenderCells,0xf6,,Sekai (9071),"Main Thread (0xde42e) (Sekai, pid: 9071)"
27.5563905,End,FeedRenderCells,0xf6,completed,Sekai (9071),"Main Thread (0xde42e) (Sekai, pid: 9071)"
27.556391958,End,WebPoolReconcile,0xf4,completed,Sekai (9071),"Main Thread (0xde42e) (Sekai, pid: 9071)"
27.926949416,Event,WebNavigationCommit,OS_SIGNPOST_ID_EXCLUSIVE,item=blank,Sekai (9071),"Main Thread (0xde42e) (Sekai, pid: 9071)"
27.930575916,Begin,WebPoolReconcile,0xf7,current=game_0009 eligible=game_0009,Sekai (9071),"Main Thread (0xde42e) (Sekai, pid: 9071)"
27.930687083,Begin,WebLoadToReady,0xf8,item=game_0009 role=current slot=2,Sekai (9071),"Main Thread (0xde42e) (Sekai, pid: 9071)"
27.930985125,Begin,FeedRenderCells,0xf9,,Sekai (9071),"Main Thread (0xde42e) (Sekai, pid: 9071)"
27.930999625,Begin,FeedWebViewAttach,0xfa,item=game_0009,Sekai (9071),"Main Thread (0xde42e) (Sekai, pid: 9071)"
27.931760541,End,FeedWebViewAttach,0xfa,completed,Sekai (9071),"Main Thread (0xde42e) (Sekai, pid: 9071)"
27.931925708,End,FeedRenderCells,0xf9,completed,Sekai (9071),"Main Thread (0xde42e) (Sekai, pid: 9071)"
27.931927833,End,WebPoolReconcile,0xf7,completed,Sekai (9071),"Main Thread (0xde42e) (Sekai, pid: 9071)"
27.938904708,Begin,FeedRenderCells,0xfb,,Sekai (9071),"Main Thread (0xde42e) (Sekai, pid: 9071)"
27.93893775,End,FeedRenderCells,0xfb,completed,Sekai (9071),"Main Thread (0xde42e) (Sekai, pid: 9071)"
28.074959416,Event,WebNavigationCommit,OS_SIGNPOST_ID_EXCLUSIVE,item=game_0009,Sekai (9071),"Main Thread (0xde42e) (Sekai, pid: 9071)"
28.530382541,Begin,FeedDrag,0xfc,item=game_0009,Sekai (9071),"Main Thread (0xde42e) (Sekai, pid: 9071)"
28.530399041,Event,FeedEligibility,OS_SIGNPOST_ID_EXCLUSIVE,item=none,Sekai (9071),"Main Thread (0xde42e) (Sekai, pid: 9071)"
28.531366041,Begin,WebPoolReconcile,0xfd,current=game_0009 eligible=none,Sekai (9071),"Main Thread (0xde42e) (Sekai, pid: 9071)"
28.531390541,Begin,FeedRenderCells,0xfe,,Sekai (9071),"Main Thread (0xde42e) (Sekai, pid: 9071)"
28.531422958,End,FeedRenderCells,0xfe,completed,Sekai (9071),"Main Thread (0xde42e) (Sekai, pid: 9071)"
28.531424875,End,WebPoolReconcile,0xfd,completed,Sekai (9071),"Main Thread (0xde42e) (Sekai, pid: 9071)"
28.97191725,End,FeedDrag,0xfc,drag ended,Sekai (9071),"Main Thread (0xde42e) (Sekai, pid: 9071)"
28.971920875,Begin,FeedDeceleration,0xff,,Sekai (9071),"Main Thread (0xde42e) (Sekai, pid: 9071)"
29.305244416,Begin,FeedWebViewDetach,0x100,item=game_0009,Sekai (9071),"Main Thread (0xde42e) (Sekai, pid: 9071)"
29.305431583,End,FeedWebViewDetach,0x100,completed,Sekai (9071),"Main Thread (0xde42e) (Sekai, pid: 9071)"
29.32185125,End,FeedDeceleration,0xff,settled,Sekai (9071),"Main Thread (0xde42e) (Sekai, pid: 9071)"
29.321854458,Begin,FeedSettle,0x101,,Sekai (9071),"Main Thread (0xde42e) (Sekai, pid: 9071)"
29.32186275,Event,FeedCurrentItem,OS_SIGNPOST_ID_EXCLUSIVE,index=8 item=game_0010,Sekai (9071),"Main Thread (0xde42e) (Sekai, pid: 9071)"
29.321864541,Begin,FeedAssignWindow,0x102,item=game_0010,Sekai (9071),"Main Thread (0xde42e) (Sekai, pid: 9071)"
29.3218885,Begin,FeedRenderCells,0x103,,Sekai (9071),"Main Thread (0xde42e) (Sekai, pid: 9071)"
29.321917375,End,FeedRenderCells,0x103,completed,Sekai (9071),"Main Thread (0xde42e) (Sekai, pid: 9071)"
29.32192225,End,FeedAssignWindow,0x102,completed,Sekai (9071),"Main Thread (0xde42e) (Sekai, pid: 9071)"
29.321937083,Event,FeedEligibility,OS_SIGNPOST_ID_EXCLUSIVE,item=game_0010,Sekai (9071),"Main Thread (0xde42e) (Sekai, pid: 9071)"
29.322021,End,FeedSettle,0x101,completed,Sekai (9071),"Main Thread (0xde42e) (Sekai, pid: 9071)"
29.322190458,Begin,WebPoolReconcile,0x104,current=game_0010 eligible=game_0010,Sekai (9071),"Main Thread (0xde42e) (Sekai, pid: 9071)"
29.322200166,Begin,WebSlotReset,0x105,item=game_0008,Sekai (9071),"Main Thread (0xde42e) (Sekai, pid: 9071)"
29.322307958,End,WebLoadToReady,0xe8,reset or cancelled,Sekai (9071),"Main Thread (0xde42e) (Sekai, pid: 9071)"
29.322457291,End,WebSlotReset,0x105,completed,Sekai (9071),"Main Thread (0xde42e) (Sekai, pid: 9071)"
29.322478875,Begin,FeedRenderCells,0x106,,Sekai (9071),"Main Thread (0xde42e) (Sekai, pid: 9071)"
29.322494166,End,FeedRenderCells,0x106,completed,Sekai (9071),"Main Thread (0xde42e) (Sekai, pid: 9071)"
29.32249575,End,WebPoolReconcile,0x104,completed,Sekai (9071),"Main Thread (0xde42e) (Sekai, pid: 9071)"
30.081270125,Event,WebNavigationCommit,OS_SIGNPOST_ID_EXCLUSIVE,item=blank,Sekai (9071),"Main Thread (0xde42e) (Sekai, pid: 9071)"
30.082664375,Begin,WebPoolReconcile,0x107,current=game_0010 eligible=game_0010,Sekai (9071),"Main Thread (0xde42e) (Sekai, pid: 9071)"
30.082726791,Begin,WebLoadToReady,0x108,item=game_0010 role=current slot=1,Sekai (9071),"Main Thread (0xde42e) (Sekai, pid: 9071)"
30.08285625,Begin,FeedRenderCells,0x109,,Sekai (9071),"Main Thread (0xde42e) (Sekai, pid: 9071)"
30.082862541,Begin,FeedWebViewAttach,0x10a,item=game_0010,Sekai (9071),"Main Thread (0xde42e) (Sekai, pid: 9071)"
30.083267041,End,FeedWebViewAttach,0x10a,completed,Sekai (9071),"Main Thread (0xde42e) (Sekai, pid: 9071)"
30.083366166,End,FeedRenderCells,0x109,completed,Sekai (9071),"Main Thread (0xde42e) (Sekai, pid: 9071)"
30.083367166,End,WebPoolReconcile,0x107,completed,Sekai (9071),"Main Thread (0xde42e) (Sekai, pid: 9071)"
30.090681583,Begin,FeedRenderCells,0x10b,,Sekai (9071),"Main Thread (0xde42e) (Sekai, pid: 9071)"
30.0907085,End,FeedRenderCells,0x10b,completed,Sekai (9071),"Main Thread (0xde42e) (Sekai, pid: 9071)"
30.259886625,Event,WebNavigationCommit,OS_SIGNPOST_ID_EXCLUSIVE,item=game_0010,Sekai (9071),"Main Thread (0xde42e) (Sekai, pid: 9071)"
30.280845666,Begin,FeedDrag,0x10c,item=game_0010,Sekai (9071),"Main Thread (0xde42e) (Sekai, pid: 9071)"
30.280861083,Event,FeedEligibility,OS_SIGNPOST_ID_EXCLUSIVE,item=none,Sekai (9071),"Main Thread (0xde42e) (Sekai, pid: 9071)"
30.281106958,Begin,WebPoolReconcile,0x10d,current=game_0010 eligible=none,Sekai (9071),"Main Thread (0xde42e) (Sekai, pid: 9071)"
30.281130916,Begin,FeedRenderCells,0x10e,,Sekai (9071),"Main Thread (0xde42e) (Sekai, pid: 9071)"
30.281156916,End,FeedRenderCells,0x10e,completed,Sekai (9071),"Main Thread (0xde42e) (Sekai, pid: 9071)"
30.281158583,End,WebPoolReconcile,0x10d,completed,Sekai (9071),"Main Thread (0xde42e) (Sekai, pid: 9071)"
30.755529583,End,FeedDrag,0x10c,drag ended,Sekai (9071),"Main Thread (0xde42e) (Sekai, pid: 9071)"
30.755533375,Begin,FeedDeceleration,0x10f,,Sekai (9071),"Main Thread (0xde42e) (Sekai, pid: 9071)"
31.088802875,End,FeedDeceleration,0x10f,settled,Sekai (9071),"Main Thread (0xde42e) (Sekai, pid: 9071)"
31.088804666,Begin,FeedSettle,0x110,,Sekai (9071),"Main Thread (0xde42e) (Sekai, pid: 9071)"
31.088811375,Event,FeedCurrentItem,OS_SIGNPOST_ID_EXCLUSIVE,index=9 item=game_0012,Sekai (9071),"Main Thread (0xde42e) (Sekai, pid: 9071)"
31.088812625,Begin,FeedAssignWindow,0x111,item=game_0012,Sekai (9071),"Main Thread (0xde42e) (Sekai, pid: 9071)"
31.088829083,Begin,FeedRenderCells,0x112,,Sekai (9071),"Main Thread (0xde42e) (Sekai, pid: 9071)"
31.088850416,End,FeedRenderCells,0x112,completed,Sekai (9071),"Main Thread (0xde42e) (Sekai, pid: 9071)"
31.088852708,End,FeedAssignWindow,0x111,completed,Sekai (9071),"Main Thread (0xde42e) (Sekai, pid: 9071)"
31.088860833,Event,FeedEligibility,OS_SIGNPOST_ID_EXCLUSIVE,item=game_0012,Sekai (9071),"Main Thread (0xde42e) (Sekai, pid: 9071)"
31.088915916,End,FeedSettle,0x110,completed,Sekai (9071),"Main Thread (0xde42e) (Sekai, pid: 9071)"
31.089013333,Begin,FeedWebViewDetach,0x113,item=game_0010,Sekai (9071),"Main Thread (0xde42e) (Sekai, pid: 9071)"
31.089176083,End,FeedWebViewDetach,0x113,completed,Sekai (9071),"Main Thread (0xde42e) (Sekai, pid: 9071)"
31.089228291,Begin,WebPoolReconcile,0x114,current=game_0012 eligible=game_0012,Sekai (9071),"Main Thread (0xde42e) (Sekai, pid: 9071)"
31.089233166,Begin,WebSlotReset,0x115,item=game_0009,Sekai (9071),"Main Thread (0xde42e) (Sekai, pid: 9071)"
31.08927525,End,WebLoadToReady,0xf8,reset or cancelled,Sekai (9071),"Main Thread (0xde42e) (Sekai, pid: 9071)"
31.089358666,End,WebSlotReset,0x115,completed,Sekai (9071),"Main Thread (0xde42e) (Sekai, pid: 9071)"
31.089369333,Begin,FeedRenderCells,0x116,,Sekai (9071),"Main Thread (0xde42e) (Sekai, pid: 9071)"
31.089375791,End,FeedRenderCells,0x116,completed,Sekai (9071),"Main Thread (0xde42e) (Sekai, pid: 9071)"
31.089376458,End,WebPoolReconcile,0x114,completed,Sekai (9071),"Main Thread (0xde42e) (Sekai, pid: 9071)"
31.44429525,Event,WebNavigationCommit,OS_SIGNPOST_ID_EXCLUSIVE,item=blank,Sekai (9071),"Main Thread (0xde42e) (Sekai, pid: 9071)"
31.452118958,Begin,WebPoolReconcile,0x117,current=game_0012 eligible=game_0012,Sekai (9071),"Main Thread (0xde42e) (Sekai, pid: 9071)"
31.452210083,Begin,WebLoadToReady,0x118,item=game_0012 role=current slot=2,Sekai (9071),"Main Thread (0xde42e) (Sekai, pid: 9071)"
31.452416833,Begin,FeedRenderCells,0x119,,Sekai (9071),"Main Thread (0xde42e) (Sekai, pid: 9071)"
31.452426625,Begin,FeedWebViewAttach,0x11a,item=game_0012,Sekai (9071),"Main Thread (0xde42e) (Sekai, pid: 9071)"
31.453075416,End,FeedWebViewAttach,0x11a,completed,Sekai (9071),"Main Thread (0xde42e) (Sekai, pid: 9071)"
31.453251958,End,FeedRenderCells,0x119,completed,Sekai (9071),"Main Thread (0xde42e) (Sekai, pid: 9071)"
31.45325425,End,WebPoolReconcile,0x117,completed,Sekai (9071),"Main Thread (0xde42e) (Sekai, pid: 9071)"
31.472432583,Begin,FeedRenderCells,0x11b,,Sekai (9071),"Main Thread (0xde42e) (Sekai, pid: 9071)"
31.472471541,End,FeedRenderCells,0x11b,completed,Sekai (9071),"Main Thread (0xde42e) (Sekai, pid: 9071)"
31.62319825,Event,WebNavigationCommit,OS_SIGNPOST_ID_EXCLUSIVE,item=game_0012,Sekai (9071),"Main Thread (0xde42e) (Sekai, pid: 9071)"
32.464284291,Begin,FeedDrag,0x11c,item=game_0012,Sekai (9071),"Main Thread (0xde42e) (Sekai, pid: 9071)"
32.464300166,Event,FeedEligibility,OS_SIGNPOST_ID_EXCLUSIVE,item=none,Sekai (9071),"Main Thread (0xde42e) (Sekai, pid: 9071)"
32.464576166,Begin,WebPoolReconcile,0x11d,current=game_0012 eligible=none,Sekai (9071),"Main Thread (0xde42e) (Sekai, pid: 9071)"
32.4645995,Begin,FeedRenderCells,0x11e,,Sekai (9071),"Main Thread (0xde42e) (Sekai, pid: 9071)"
32.464626291,End,FeedRenderCells,0x11e,completed,Sekai (9071),"Main Thread (0xde42e) (Sekai, pid: 9071)"
32.464627875,End,WebPoolReconcile,0x11d,completed,Sekai (9071),"Main Thread (0xde42e) (Sekai, pid: 9071)"
32.59751275,End,FeedDrag,0x11c,drag ended,Sekai (9071),"Main Thread (0xde42e) (Sekai, pid: 9071)"
32.59751625,Begin,FeedDeceleration,0x11f,,Sekai (9071),"Main Thread (0xde42e) (Sekai, pid: 9071)"
32.939301416,End,FeedDeceleration,0x11f,settled,Sekai (9071),"Main Thread (0xde42e) (Sekai, pid: 9071)"
32.939318375,Begin,FeedSettle,0x120,,Sekai (9071),"Main Thread (0xde42e) (Sekai, pid: 9071)"
32.939328125,Event,FeedCurrentItem,OS_SIGNPOST_ID_EXCLUSIVE,index=10 item=game_0013,Sekai (9071),"Main Thread (0xde42e) (Sekai, pid: 9071)"
32.93933,Begin,FeedAssignWindow,0x121,item=game_0013,Sekai (9071),"Main Thread (0xde42e) (Sekai, pid: 9071)"
32.939353708,Begin,FeedRenderCells,0x122,,Sekai (9071),"Main Thread (0xde42e) (Sekai, pid: 9071)"
32.939391166,End,FeedRenderCells,0x122,completed,Sekai (9071),"Main Thread (0xde42e) (Sekai, pid: 9071)"
32.939396208,End,FeedAssignWindow,0x121,completed,Sekai (9071),"Main Thread (0xde42e) (Sekai, pid: 9071)"
32.939412041,Event,FeedEligibility,OS_SIGNPOST_ID_EXCLUSIVE,item=game_0013,Sekai (9071),"Main Thread (0xde42e) (Sekai, pid: 9071)"
32.939497666,End,FeedSettle,0x120,completed,Sekai (9071),"Main Thread (0xde42e) (Sekai, pid: 9071)"
32.939658291,Begin,FeedWebViewDetach,0x123,item=game_0012,Sekai (9071),"Main Thread (0xde42e) (Sekai, pid: 9071)"
32.940620583,End,FeedWebViewDetach,0x123,completed,Sekai (9071),"Main Thread (0xde42e) (Sekai, pid: 9071)"
32.940738166,Begin,WebPoolReconcile,0x124,current=game_0013 eligible=game_0013,Sekai (9071),"Main Thread (0xde42e) (Sekai, pid: 9071)"
32.94074675,Begin,WebSlotReset,0x125,item=game_0010,Sekai (9071),"Main Thread (0xde42e) (Sekai, pid: 9071)"
32.940838333,End,WebLoadToReady,0x108,reset or cancelled,Sekai (9071),"Main Thread (0xde42e) (Sekai, pid: 9071)"
32.940958583,End,WebSlotReset,0x125,completed,Sekai (9071),"Main Thread (0xde42e) (Sekai, pid: 9071)"
32.940977583,Begin,FeedRenderCells,0x126,,Sekai (9071),"Main Thread (0xde42e) (Sekai, pid: 9071)"
32.940989625,End,FeedRenderCells,0x126,completed,Sekai (9071),"Main Thread (0xde42e) (Sekai, pid: 9071)"
32.940990875,End,WebPoolReconcile,0x124,completed,Sekai (9071),"Main Thread (0xde42e) (Sekai, pid: 9071)"
33.212612416,Event,WebNavigationCommit,OS_SIGNPOST_ID_EXCLUSIVE,item=blank,Sekai (9071),"Main Thread (0xde42e) (Sekai, pid: 9071)"
33.216149666,Begin,WebPoolReconcile,0x127,current=game_0013 eligible=game_0013,Sekai (9071),"Main Thread (0xde42e) (Sekai, pid: 9071)"
33.216245208,Begin,WebLoadToReady,0x128,item=game_0013 role=current slot=1,Sekai (9071),"Main Thread (0xde42e) (Sekai, pid: 9071)"
33.216409416,Begin,FeedRenderCells,0x129,,Sekai (9071),"Main Thread (0xde42e) (Sekai, pid: 9071)"
33.216418875,Begin,FeedWebViewAttach,0x12a,item=game_0013,Sekai (9071),"Main Thread (0xde42e) (Sekai, pid: 9071)"
33.21712925,End,FeedWebViewAttach,0x12a,completed,Sekai (9071),"Main Thread (0xde42e) (Sekai, pid: 9071)"
33.217317458,End,FeedRenderCells,0x129,completed,Sekai (9071),"Main Thread (0xde42e) (Sekai, pid: 9071)"
33.217319833,End,WebPoolReconcile,0x127,completed,Sekai (9071),"Main Thread (0xde42e) (Sekai, pid: 9071)"
33.2238805,Begin,FeedRenderCells,0x12b,,Sekai (9071),"Main Thread (0xde42e) (Sekai, pid: 9071)"
33.22390925,End,FeedRenderCells,0x12b,completed,Sekai (9071),"Main Thread (0xde42e) (Sekai, pid: 9071)"
33.35170325,Event,WebNavigationCommit,OS_SIGNPOST_ID_EXCLUSIVE,item=game_0013,Sekai (9071),"Main Thread (0xde42e) (Sekai, pid: 9071)"
34.147950333,Begin,FeedDrag,0x12c,item=game_0013,Sekai (9071),"Main Thread (0xde42e) (Sekai, pid: 9071)"
34.14797275,Event,FeedEligibility,OS_SIGNPOST_ID_EXCLUSIVE,item=none,Sekai (9071),"Main Thread (0xde42e) (Sekai, pid: 9071)"
34.148250291,Begin,WebPoolReconcile,0x12d,current=game_0013 eligible=none,Sekai (9071),"Main Thread (0xde42e) (Sekai, pid: 9071)"
34.148273166,Begin,FeedRenderCells,0x12e,,Sekai (9071),"Main Thread (0xde42e) (Sekai, pid: 9071)"
34.148298458,End,FeedRenderCells,0x12e,completed,Sekai (9071),"Main Thread (0xde42e) (Sekai, pid: 9071)"
34.148300083,End,WebPoolReconcile,0x12d,completed,Sekai (9071),"Main Thread (0xde42e) (Sekai, pid: 9071)"
34.464501625,End,FeedDrag,0x12c,drag ended,Sekai (9071),"Main Thread (0xde42e) (Sekai, pid: 9071)"
34.464505708,Begin,FeedDeceleration,0x12f,,Sekai (9071),"Main Thread (0xde42e) (Sekai, pid: 9071)"
34.789546583,End,FeedDeceleration,0x12f,settled,Sekai (9071),"Main Thread (0xde42e) (Sekai, pid: 9071)"
34.789550541,Begin,FeedSettle,0x130,,Sekai (9071),"Main Thread (0xde42e) (Sekai, pid: 9071)"
34.7895605,Event,FeedCurrentItem,OS_SIGNPOST_ID_EXCLUSIVE,index=11 item=game_0014,Sekai (9071),"Main Thread (0xde42e) (Sekai, pid: 9071)"
34.789562416,Begin,FeedAssignWindow,0x131,item=game_0014,Sekai (9071),"Main Thread (0xde42e) (Sekai, pid: 9071)"
34.789588125,Begin,FeedRenderCells,0x132,,Sekai (9071),"Main Thread (0xde42e) (Sekai, pid: 9071)"
34.7896245,End,FeedRenderCells,0x132,completed,Sekai (9071),"Main Thread (0xde42e) (Sekai, pid: 9071)"
34.789629541,End,FeedAssignWindow,0x131,completed,Sekai (9071),"Main Thread (0xde42e) (Sekai, pid: 9071)"
34.789645375,Event,FeedEligibility,OS_SIGNPOST_ID_EXCLUSIVE,item=game_0014,Sekai (9071),"Main Thread (0xde42e) (Sekai, pid: 9071)"
34.789729333,End,FeedSettle,0x130,completed,Sekai (9071),"Main Thread (0xde42e) (Sekai, pid: 9071)"
34.789892,Begin,FeedWebViewDetach,0x133,item=game_0013,Sekai (9071),"Main Thread (0xde42e) (Sekai, pid: 9071)"
34.790218833,End,FeedWebViewDetach,0x133,completed,Sekai (9071),"Main Thread (0xde42e) (Sekai, pid: 9071)"
34.790336666,Begin,WebPoolReconcile,0x134,current=game_0014 eligible=game_0014,Sekai (9071),"Main Thread (0xde42e) (Sekai, pid: 9071)"
34.790348791,Begin,WebSlotReset,0x135,item=game_0012,Sekai (9071),"Main Thread (0xde42e) (Sekai, pid: 9071)"
34.790460875,End,WebLoadToReady,0x118,reset or cancelled,Sekai (9071),"Main Thread (0xde42e) (Sekai, pid: 9071)"
34.790606666,End,WebSlotReset,0x135,completed,Sekai (9071),"Main Thread (0xde42e) (Sekai, pid: 9071)"
34.79062625,Begin,FeedRenderCells,0x136,,Sekai (9071),"Main Thread (0xde42e) (Sekai, pid: 9071)"
34.790640291,End,FeedRenderCells,0x136,completed,Sekai (9071),"Main Thread (0xde42e) (Sekai, pid: 9071)"
34.790641708,End,WebPoolReconcile,0x134,completed,Sekai (9071),"Main Thread (0xde42e) (Sekai, pid: 9071)"
35.015921666,Event,WebNavigationCommit,OS_SIGNPOST_ID_EXCLUSIVE,item=blank,Sekai (9071),"Main Thread (0xde42e) (Sekai, pid: 9071)"
35.020337666,Begin,WebPoolReconcile,0x137,current=game_0014 eligible=game_0014,Sekai (9071),"Main Thread (0xde42e) (Sekai, pid: 9071)"
35.020421625,Begin,WebLoadToReady,0x138,item=game_0014 role=current slot=2,Sekai (9071),"Main Thread (0xde42e) (Sekai, pid: 9071)"
35.020642333,Begin,FeedRenderCells,0x139,,Sekai (9071),"Main Thread (0xde42e) (Sekai, pid: 9071)"
35.020652875,Begin,FeedWebViewAttach,0x13a,item=game_0014,Sekai (9071),"Main Thread (0xde42e) (Sekai, pid: 9071)"
35.021355083,End,FeedWebViewAttach,0x13a,completed,Sekai (9071),"Main Thread (0xde42e) (Sekai, pid: 9071)"
35.021537416,End,FeedRenderCells,0x139,completed,Sekai (9071),"Main Thread (0xde42e) (Sekai, pid: 9071)"
35.021539625,End,WebPoolReconcile,0x137,completed,Sekai (9071),"Main Thread (0xde42e) (Sekai, pid: 9071)"
35.033491625,Begin,FeedRenderCells,0x13b,,Sekai (9071),"Main Thread (0xde42e) (Sekai, pid: 9071)"
35.033509333,End,FeedRenderCells,0x13b,completed,Sekai (9071),"Main Thread (0xde42e) (Sekai, pid: 9071)"
35.371622125,Event,WebNavigationCommit,OS_SIGNPOST_ID_EXCLUSIVE,item=game_0014,Sekai (9071),"Main Thread (0xde42e) (Sekai, pid: 9071)"
35.915007916,Begin,FeedDrag,0x13c,item=game_0014,Sekai (9071),"Main Thread (0xde42e) (Sekai, pid: 9071)"
35.915030458,Event,FeedEligibility,OS_SIGNPOST_ID_EXCLUSIVE,item=none,Sekai (9071),"Main Thread (0xde42e) (Sekai, pid: 9071)"
35.915761125,Begin,WebPoolReconcile,0x13d,current=game_0014 eligible=none,Sekai (9071),"Main Thread (0xde42e) (Sekai, pid: 9071)"
35.915784041,Begin,FeedRenderCells,0x13e,,Sekai (9071),"Main Thread (0xde42e) (Sekai, pid: 9071)"
35.915813125,End,FeedRenderCells,0x13e,completed,Sekai (9071),"Main Thread (0xde42e) (Sekai, pid: 9071)"
35.915815041,End,WebPoolReconcile,0x13d,completed,Sekai (9071),"Main Thread (0xde42e) (Sekai, pid: 9071)"
36.181475791,End,FeedDrag,0x13c,drag ended,Sekai (9071),"Main Thread (0xde42e) (Sekai, pid: 9071)"
36.181479458,Begin,FeedDeceleration,0x13f,,Sekai (9071),"Main Thread (0xde42e) (Sekai, pid: 9071)"
36.523278291,End,FeedDeceleration,0x13f,settled,Sekai (9071),"Main Thread (0xde42e) (Sekai, pid: 9071)"
36.523281791,Begin,FeedSettle,0x140,,Sekai (9071),"Main Thread (0xde42e) (Sekai, pid: 9071)"
36.523290875,Event,FeedCurrentItem,OS_SIGNPOST_ID_EXCLUSIVE,index=12 item=game_0015,Sekai (9071),"Main Thread (0xde42e) (Sekai, pid: 9071)"
36.523292708,Begin,FeedAssignWindow,0x141,item=game_0015,Sekai (9071),"Main Thread (0xde42e) (Sekai, pid: 9071)"
36.523317708,Begin,FeedRenderCells,0x142,,Sekai (9071),"Main Thread (0xde42e) (Sekai, pid: 9071)"
36.523354708,End,FeedRenderCells,0x142,completed,Sekai (9071),"Main Thread (0xde42e) (Sekai, pid: 9071)"
36.523360083,End,FeedAssignWindow,0x141,completed,Sekai (9071),"Main Thread (0xde42e) (Sekai, pid: 9071)"
36.523375583,Event,FeedEligibility,OS_SIGNPOST_ID_EXCLUSIVE,item=game_0015,Sekai (9071),"Main Thread (0xde42e) (Sekai, pid: 9071)"
36.523467958,End,FeedSettle,0x140,completed,Sekai (9071),"Main Thread (0xde42e) (Sekai, pid: 9071)"
36.523634958,Begin,FeedWebViewDetach,0x143,item=game_0014,Sekai (9071),"Main Thread (0xde42e) (Sekai, pid: 9071)"
36.523964041,End,FeedWebViewDetach,0x143,completed,Sekai (9071),"Main Thread (0xde42e) (Sekai, pid: 9071)"
36.524079625,Begin,WebPoolReconcile,0x144,current=game_0015 eligible=game_0015,Sekai (9071),"Main Thread (0xde42e) (Sekai, pid: 9071)"
36.524088291,Begin,WebSlotReset,0x145,item=game_0013,Sekai (9071),"Main Thread (0xde42e) (Sekai, pid: 9071)"
36.5241935,End,WebLoadToReady,0x128,reset or cancelled,Sekai (9071),"Main Thread (0xde42e) (Sekai, pid: 9071)"
36.524331958,End,WebSlotReset,0x145,completed,Sekai (9071),"Main Thread (0xde42e) (Sekai, pid: 9071)"
36.524352958,Begin,FeedRenderCells,0x146,,Sekai (9071),"Main Thread (0xde42e) (Sekai, pid: 9071)"
36.524366916,End,FeedRenderCells,0x146,completed,Sekai (9071),"Main Thread (0xde42e) (Sekai, pid: 9071)"
36.524368375,End,WebPoolReconcile,0x144,completed,Sekai (9071),"Main Thread (0xde42e) (Sekai, pid: 9071)"
36.665404416,Event,WebNavigationCommit,OS_SIGNPOST_ID_EXCLUSIVE,item=blank,Sekai (9071),"Main Thread (0xde42e) (Sekai, pid: 9071)"
36.666290625,Begin,WebPoolReconcile,0x147,current=game_0015 eligible=game_0015,Sekai (9071),"Main Thread (0xde42e) (Sekai, pid: 9071)"
36.6663605,Begin,WebLoadToReady,0x148,item=game_0015 role=current slot=1,Sekai (9071),"Main Thread (0xde42e) (Sekai, pid: 9071)"
36.666496083,Begin,FeedRenderCells,0x149,,Sekai (9071),"Main Thread (0xde42e) (Sekai, pid: 9071)"
36.666502958,Begin,FeedWebViewAttach,0x14a,item=game_0015,Sekai (9071),"Main Thread (0xde42e) (Sekai, pid: 9071)"
36.666968041,End,FeedWebViewAttach,0x14a,completed,Sekai (9071),"Main Thread (0xde42e) (Sekai, pid: 9071)"
36.667123416,End,FeedRenderCells,0x149,completed,Sekai (9071),"Main Thread (0xde42e) (Sekai, pid: 9071)"
36.667125541,End,WebPoolReconcile,0x147,completed,Sekai (9071),"Main Thread (0xde42e) (Sekai, pid: 9071)"
36.676656041,Begin,FeedRenderCells,0x14b,,Sekai (9071),"Main Thread (0xde42e) (Sekai, pid: 9071)"
36.676694125,End,FeedRenderCells,0x14b,completed,Sekai (9071),"Main Thread (0xde42e) (Sekai, pid: 9071)"
36.870834458,Event,WebNavigationCommit,OS_SIGNPOST_ID_EXCLUSIVE,item=game_0015,Sekai (9071),"Main Thread (0xde42e) (Sekai, pid: 9071)"
37.448495125,Begin,FeedDrag,0x14c,item=game_0015,Sekai (9071),"Main Thread (0xde42e) (Sekai, pid: 9071)"
37.448513791,Event,FeedEligibility,OS_SIGNPOST_ID_EXCLUSIVE,item=none,Sekai (9071),"Main Thread (0xde42e) (Sekai, pid: 9071)"
37.449197416,Begin,WebPoolReconcile,0x14d,current=game_0015 eligible=none,Sekai (9071),"Main Thread (0xde42e) (Sekai, pid: 9071)"
37.449221083,Begin,FeedRenderCells,0x14e,,Sekai (9071),"Main Thread (0xde42e) (Sekai, pid: 9071)"
37.449261291,End,FeedRenderCells,0x14e,completed,Sekai (9071),"Main Thread (0xde42e) (Sekai, pid: 9071)"
37.449263125,End,WebPoolReconcile,0x14d,completed,Sekai (9071),"Main Thread (0xde42e) (Sekai, pid: 9071)"
37.740173791,Event,WebNavigationCommit,OS_SIGNPOST_ID_EXCLUSIVE,item=blank,Sekai (9071),"Main Thread (0xde42e) (Sekai, pid: 9071)"
37.746181833,Begin,WebPoolReconcile,0x14f,current=game_0015 eligible=none,Sekai (9071),"Main Thread (0xde42e) (Sekai, pid: 9071)"
37.746249708,Begin,WebLoadToReady,0x150,item=game_0016 role=adjacent slot=0,Sekai (9071),"Main Thread (0xde42e) (Sekai, pid: 9071)"
37.746377916,Begin,FeedRenderCells,0x151,,Sekai (9071),"Main Thread (0xde42e) (Sekai, pid: 9071)"
37.746385,Begin,FeedWebViewAttach,0x152,item=game_0016,Sekai (9071),"Main Thread (0xde42e) (Sekai, pid: 9071)"
37.747084583,End,FeedWebViewAttach,0x152,completed,Sekai (9071),"Main Thread (0xde42e) (Sekai, pid: 9071)"
37.747249875,End,FeedRenderCells,0x151,completed,Sekai (9071),"Main Thread (0xde42e) (Sekai, pid: 9071)"
37.747251666,End,WebPoolReconcile,0x14f,completed,Sekai (9071),"Main Thread (0xde42e) (Sekai, pid: 9071)"
37.752458625,Begin,FeedRenderCells,0x153,,Sekai (9071),"Main Thread (0xde42e) (Sekai, pid: 9071)"
37.752493125,End,FeedRenderCells,0x153,completed,Sekai (9071),"Main Thread (0xde42e) (Sekai, pid: 9071)"
37.921839958,Event,WebNavigationCommit,OS_SIGNPOST_ID_EXCLUSIVE,item=game_0016,Sekai (9071),"Main Thread (0xde42e) (Sekai, pid: 9071)"
38.081791875,End,FeedDrag,0x14c,drag ended,Sekai (9071),"Main Thread (0xde42e) (Sekai, pid: 9071)"
38.081795708,Begin,FeedDeceleration,0x154,,Sekai (9071),"Main Thread (0xde42e) (Sekai, pid: 9071)"
38.423548208,End,FeedDeceleration,0x154,settled,Sekai (9071),"Main Thread (0xde42e) (Sekai, pid: 9071)"
38.423551916,Begin,FeedSettle,0x155,,Sekai (9071),"Main Thread (0xde42e) (Sekai, pid: 9071)"
38.42356075,Event,FeedCurrentItem,OS_SIGNPOST_ID_EXCLUSIVE,index=13 item=game_0016,Sekai (9071),"Main Thread (0xde42e) (Sekai, pid: 9071)"
38.423562625,Begin,FeedAssignWindow,0x156,item=game_0016,Sekai (9071),"Main Thread (0xde42e) (Sekai, pid: 9071)"
38.423587333,Begin,FeedRenderCells,0x157,,Sekai (9071),"Main Thread (0xde42e) (Sekai, pid: 9071)"
38.423627958,End,FeedRenderCells,0x157,completed,Sekai (9071),"Main Thread (0xde42e) (Sekai, pid: 9071)"
38.423647791,End,FeedAssignWindow,0x156,completed,Sekai (9071),"Main Thread (0xde42e) (Sekai, pid: 9071)"
38.423663458,Event,FeedEligibility,OS_SIGNPOST_ID_EXCLUSIVE,item=game_0016,Sekai (9071),"Main Thread (0xde42e) (Sekai, pid: 9071)"
38.423745375,End,FeedSettle,0x155,completed,Sekai (9071),"Main Thread (0xde42e) (Sekai, pid: 9071)"
38.42391425,Begin,FeedWebViewDetach,0x158,item=game_0015,Sekai (9071),"Main Thread (0xde42e) (Sekai, pid: 9071)"
38.42424975,End,FeedWebViewDetach,0x158,completed,Sekai (9071),"Main Thread (0xde42e) (Sekai, pid: 9071)"
38.42437075,Begin,WebPoolReconcile,0x159,current=game_0016 eligible=game_0016,Sekai (9071),"Main Thread (0xde42e) (Sekai, pid: 9071)"
38.424391583,Begin,WebSlotReset,0x15a,item=game_0014,Sekai (9071),"Main Thread (0xde42e) (Sekai, pid: 9071)"
38.424495625,End,WebLoadToReady,0x138,reset or cancelled,Sekai (9071),"Main Thread (0xde42e) (Sekai, pid: 9071)"
38.424629333,End,WebSlotReset,0x15a,completed,Sekai (9071),"Main Thread (0xde42e) (Sekai, pid: 9071)"
38.424648166,Begin,FeedRenderCells,0x15b,,Sekai (9071),"Main Thread (0xde42e) (Sekai, pid: 9071)"
38.424664958,End,FeedRenderCells,0x15b,completed,Sekai (9071),"Main Thread (0xde42e) (Sekai, pid: 9071)"
38.424666333,End,WebPoolReconcile,0x159,completed,Sekai (9071),"Main Thread (0xde42e) (Sekai, pid: 9071)"
38.424684625,Begin,FeedFilter,0x15c,count=20,Sekai (9071),"Main Thread (0xde42e) (Sekai, pid: 9071)"
38.424699916,End,FeedFilter,0x15c,completed,Sekai (9071),"Main Thread (0xde42e) (Sekai, pid: 9071)"
38.42473925,Begin,FeedFilter,0x15d,count=20,Sekai (9071),"Main Thread (0xde42e) (Sekai, pid: 9071)"
38.424750958,End,FeedFilter,0x15d,completed,Sekai (9071),"Main Thread (0xde42e) (Sekai, pid: 9071)"
38.424763041,Begin,FeedFilter,0x15e,count=20,Sekai (9071),"Main Thread (0xde42e) (Sekai, pid: 9071)"
38.424773375,End,FeedFilter,0x15e,completed,Sekai (9071),"Main Thread (0xde42e) (Sekai, pid: 9071)"
38.424785166,Begin,FeedPageLoad,0x15f,page=2 generation=3 attempt=0,Sekai (9071),"Main Thread (0xde42e) (Sekai, pid: 9071)"
38.845303583,Event,FeedPageReceived,OS_SIGNPOST_ID_EXCLUSIVE,page=2 count=10,Sekai (9071),"Main Thread (0xde42e) (Sekai, pid: 9071)"
38.845352208,Begin,FeedFilter,0x160,count=30,Sekai (9071),"Main Thread (0xde42e) (Sekai, pid: 9071)"
38.845368875,End,FeedFilter,0x160,completed,Sekai (9071),"Main Thread (0xde42e) (Sekai, pid: 9071)"
38.845416208,End,FeedPageLoad,0x15f,completed,Sekai (9071),"Main Thread (0xde42e) (Sekai, pid: 9071)"
38.845419916,Begin,FeedFilter,0x161,count=30,Sekai (9071),"Main Thread (0xde42e) (Sekai, pid: 9071)"
38.84543375,End,FeedFilter,0x161,completed,Sekai (9071),"Main Thread (0xde42e) (Sekai, pid: 9071)"
38.845845583,Begin,FeedSnapshot,0x162,old=16 new=25 revision=3,Sekai (9071),"Main Thread (0xde42e) (Sekai, pid: 9071)"
38.845864291,Event,FeedEligibility,OS_SIGNPOST_ID_EXCLUSIVE,item=none,Sekai (9071),"Main Thread (0xde42e) (Sekai, pid: 9071)"
38.849312208,Begin,WebPoolReconcile,0x163,current=game_0016 eligible=none,Sekai (9071),"Main Thread (0xde42e) (Sekai, pid: 9071)"
38.84938775,Begin,FeedRenderCells,0x164,,Sekai (9071),"Main Thread (0xde42e) (Sekai, pid: 9071)"
38.84941175,End,FeedRenderCells,0x164,completed,Sekai (9071),"Main Thread (0xde42e) (Sekai, pid: 9071)"
38.849413625,End,WebPoolReconcile,0x163,completed,Sekai (9071),"Main Thread (0xde42e) (Sekai, pid: 9071)"
38.849434333,Begin,FeedAssignWindow,0x165,item=game_0016,Sekai (9071),"Main Thread (0xde42e) (Sekai, pid: 9071)"
38.84945125,Begin,FeedRenderCells,0x166,,Sekai (9071),"Main Thread (0xde42e) (Sekai, pid: 9071)"
38.849460958,End,FeedRenderCells,0x166,completed,Sekai (9071),"Main Thread (0xde42e) (Sekai, pid: 9071)"
38.849474708,End,FeedAssignWindow,0x165,completed,Sekai (9071),"Main Thread (0xde42e) (Sekai, pid: 9071)"
38.849492291,Event,FeedEligibility,OS_SIGNPOST_ID_EXCLUSIVE,item=game_0016,Sekai (9071),"Main Thread (0xde42e) (Sekai, pid: 9071)"
38.849544333,End,FeedSnapshot,0x162,completed,Sekai (9071),"Main Thread (0xde42e) (Sekai, pid: 9071)"
38.849632666,Begin,WebPoolReconcile,0x167,current=game_0016 eligible=game_0016,Sekai (9071),"Main Thread (0xde42e) (Sekai, pid: 9071)"
38.849647125,Begin,FeedRenderCells,0x168,,Sekai (9071),"Main Thread (0xde42e) (Sekai, pid: 9071)"
38.849656583,End,FeedRenderCells,0x168,completed,Sekai (9071),"Main Thread (0xde42e) (Sekai, pid: 9071)"
38.849657875,End,WebPoolReconcile,0x167,completed,Sekai (9071),"Main Thread (0xde42e) (Sekai, pid: 9071)"
38.880825166,Event,WebNavigationCommit,OS_SIGNPOST_ID_EXCLUSIVE,item=blank,Sekai (9071),"Main Thread (0xde42e) (Sekai, pid: 9071)"
38.881185041,Begin,WebPoolReconcile,0x169,current=game_0016 eligible=game_0016,Sekai (9071),"Main Thread (0xde42e) (Sekai, pid: 9071)"
38.881281708,Begin,WebLoadToReady,0x16a,item=game_0017 role=adjacent slot=2,Sekai (9071),"Main Thread (0xde42e) (Sekai, pid: 9071)"
38.881475208,Begin,FeedRenderCells,0x16b,,Sekai (9071),"Main Thread (0xde42e) (Sekai, pid: 9071)"
38.881499583,End,FeedRenderCells,0x16b,completed,Sekai (9071),"Main Thread (0xde42e) (Sekai, pid: 9071)"
38.88150125,End,WebPoolReconcile,0x169,completed,Sekai (9071),"Main Thread (0xde42e) (Sekai, pid: 9071)"
38.900762916,Begin,FeedRenderCells,0x16c,,Sekai (9071),"Main Thread (0xde42e) (Sekai, pid: 9071)"
38.9007955,End,FeedRenderCells,0x16c,completed,Sekai (9071),"Main Thread (0xde42e) (Sekai, pid: 9071)"
39.053627041,Event,WebNavigationCommit,OS_SIGNPOST_ID_EXCLUSIVE,item=game_0017,Sekai (9071),"Main Thread (0xde42e) (Sekai, pid: 9071)"
40.732159708,Begin,FeedDrag,0x16d,item=game_0016,Sekai (9071),"Main Thread (0xde42e) (Sekai, pid: 9071)"
40.732169291,Event,FeedEligibility,OS_SIGNPOST_ID_EXCLUSIVE,item=none,Sekai (9071),"Main Thread (0xde42e) (Sekai, pid: 9071)"
40.732412541,Begin,FeedWebViewAttach,0x16e,item=game_0017,Sekai (9071),"Main Thread (0xde42e) (Sekai, pid: 9071)"
40.732839583,End,FeedWebViewAttach,0x16e,completed,Sekai (9071),"Main Thread (0xde42e) (Sekai, pid: 9071)"
40.733295041,Begin,WebPoolReconcile,0x16f,current=game_0016 eligible=none,Sekai (9071),"Main Thread (0xde42e) (Sekai, pid: 9071)"
40.733307416,Begin,FeedRenderCells,0x170,,Sekai (9071),"Main Thread (0xde42e) (Sekai, pid: 9071)"
40.733317208,End,FeedRenderCells,0x170,completed,Sekai (9071),"Main Thread (0xde42e) (Sekai, pid: 9071)"
40.733317958,End,WebPoolReconcile,0x16f,completed,Sekai (9071),"Main Thread (0xde42e) (Sekai, pid: 9071)"
41.382215875,End,FeedDrag,0x16d,drag ended,Sekai (9071),"Main Thread (0xde42e) (Sekai, pid: 9071)"
41.382217833,Begin,FeedDeceleration,0x171,,Sekai (9071),"Main Thread (0xde42e) (Sekai, pid: 9071)"
41.724066041,End,FeedDeceleration,0x171,settled,Sekai (9071),"Main Thread (0xde42e) (Sekai, pid: 9071)"
41.724069791,Begin,FeedSettle,0x172,,Sekai (9071),"Main Thread (0xde42e) (Sekai, pid: 9071)"
41.724079041,Event,FeedCurrentItem,OS_SIGNPOST_ID_EXCLUSIVE,index=14 item=game_0017,Sekai (9071),"Main Thread (0xde42e) (Sekai, pid: 9071)"
41.724080875,Begin,FeedAssignWindow,0x173,item=game_0017,Sekai (9071),"Main Thread (0xde42e) (Sekai, pid: 9071)"
41.724108791,Begin,FeedRenderCells,0x174,,Sekai (9071),"Main Thread (0xde42e) (Sekai, pid: 9071)"
41.72416775,End,FeedRenderCells,0x174,completed,Sekai (9071),"Main Thread (0xde42e) (Sekai, pid: 9071)"
41.724173875,End,FeedAssignWindow,0x173,completed,Sekai (9071),"Main Thread (0xde42e) (Sekai, pid: 9071)"
41.724193166,Event,FeedEligibility,OS_SIGNPOST_ID_EXCLUSIVE,item=game_0017,Sekai (9071),"Main Thread (0xde42e) (Sekai, pid: 9071)"
41.724302541,End,FeedSettle,0x172,completed,Sekai (9071),"Main Thread (0xde42e) (Sekai, pid: 9071)"
41.724465666,Begin,FeedWebViewDetach,0x175,item=game_0016,Sekai (9071),"Main Thread (0xde42e) (Sekai, pid: 9071)"
41.724805041,End,FeedWebViewDetach,0x175,completed,Sekai (9071),"Main Thread (0xde42e) (Sekai, pid: 9071)"
41.724919833,Begin,WebPoolReconcile,0x176,current=game_0017 eligible=game_0017,Sekai (9071),"Main Thread (0xde42e) (Sekai, pid: 9071)"
41.724930125,Begin,WebSlotReset,0x177,item=game_0015,Sekai (9071),"Main Thread (0xde42e) (Sekai, pid: 9071)"
41.725041,End,WebLoadToReady,0x148,reset or cancelled,Sekai (9071),"Main Thread (0xde42e) (Sekai, pid: 9071)"
41.725182,End,WebSlotReset,0x177,completed,Sekai (9071),"Main Thread (0xde42e) (Sekai, pid: 9071)"
41.725201041,Begin,FeedRenderCells,0x178,,Sekai (9071),"Main Thread (0xde42e) (Sekai, pid: 9071)"
41.72521975,End,FeedRenderCells,0x178,completed,Sekai (9071),"Main Thread (0xde42e) (Sekai, pid: 9071)"
41.725221208,End,WebPoolReconcile,0x176,completed,Sekai (9071),"Main Thread (0xde42e) (Sekai, pid: 9071)"
41.953411833,Event,WebNavigationCommit,OS_SIGNPOST_ID_EXCLUSIVE,item=blank,Sekai (9071),"Main Thread (0xde42e) (Sekai, pid: 9071)"
41.953825083,Begin,WebPoolReconcile,0x179,current=game_0017 eligible=game_0017,Sekai (9071),"Main Thread (0xde42e) (Sekai, pid: 9071)"
41.953915625,Begin,WebLoadToReady,0x17a,item=game_0019 role=adjacent slot=1,Sekai (9071),"Main Thread (0xde42e) (Sekai, pid: 9071)"
41.954092291,Begin,FeedRenderCells,0x17b,,Sekai (9071),"Main Thread (0xde42e) (Sekai, pid: 9071)"
41.954118791,End,FeedRenderCells,0x17b,completed,Sekai (9071),"Main Thread (0xde42e) (Sekai, pid: 9071)"
41.954120458,End,WebPoolReconcile,0x179,completed,Sekai (9071),"Main Thread (0xde42e) (Sekai, pid: 9071)"
41.962795041,Begin,FeedRenderCells,0x17c,,Sekai (9071),"Main Thread (0xde42e) (Sekai, pid: 9071)"
41.962819125,End,FeedRenderCells,0x17c,completed,Sekai (9071),"Main Thread (0xde42e) (Sekai, pid: 9071)"
42.11862875,Event,WebNavigationCommit,OS_SIGNPOST_ID_EXCLUSIVE,item=game_0019,Sekai (9071),"Main Thread (0xde42e) (Sekai, pid: 9071)"
42.83326625,Begin,FeedDrag,0x17d,item=game_0017,Sekai (9071),"Main Thread (0xde42e) (Sekai, pid: 9071)"
42.833285583,Event,FeedEligibility,OS_SIGNPOST_ID_EXCLUSIVE,item=none,Sekai (9071),"Main Thread (0xde42e) (Sekai, pid: 9071)"
42.833695916,Begin,WebPoolReconcile,0x17e,current=game_0017 eligible=none,Sekai (9071),"Main Thread (0xde42e) (Sekai, pid: 9071)"
42.833719791,Begin,FeedRenderCells,0x17f,,Sekai (9071),"Main Thread (0xde42e) (Sekai, pid: 9071)"
42.8337475,End,FeedRenderCells,0x17f,completed,Sekai (9071),"Main Thread (0xde42e) (Sekai, pid: 9071)"
42.833749125,End,WebPoolReconcile,0x17e,completed,Sekai (9071),"Main Thread (0xde42e) (Sekai, pid: 9071)"
42.849354666,Begin,FeedWebViewAttach,0x180,item=game_0019,Sekai (9071),"Main Thread (0xde42e) (Sekai, pid: 9071)"
42.850129291,End,FeedWebViewAttach,0x180,completed,Sekai (9071),"Main Thread (0xde42e) (Sekai, pid: 9071)"
43.124362541,End,FeedDrag,0x17d,drag ended,Sekai (9071),"Main Thread (0xde42e) (Sekai, pid: 9071)"
43.124366458,Begin,FeedDeceleration,0x181,,Sekai (9071),"Main Thread (0xde42e) (Sekai, pid: 9071)"
43.457762875,End,FeedDeceleration,0x181,settled,Sekai (9071),"Main Thread (0xde42e) (Sekai, pid: 9071)"
43.457766625,Begin,FeedSettle,0x182,,Sekai (9071),"Main Thread (0xde42e) (Sekai, pid: 9071)"
43.457776166,Event,FeedCurrentItem,OS_SIGNPOST_ID_EXCLUSIVE,index=15 item=game_0019,Sekai (9071),"Main Thread (0xde42e) (Sekai, pid: 9071)"
43.457778083,Begin,FeedAssignWindow,0x183,item=game_0019,Sekai (9071),"Main Thread (0xde42e) (Sekai, pid: 9071)"
43.457805958,Begin,FeedRenderCells,0x184,,Sekai (9071),"Main Thread (0xde42e) (Sekai, pid: 9071)"
43.4578485,End,FeedRenderCells,0x184,completed,Sekai (9071),"Main Thread (0xde42e) (Sekai, pid: 9071)"
43.457854583,End,FeedAssignWindow,0x183,completed,Sekai (9071),"Main Thread (0xde42e) (Sekai, pid: 9071)"
43.45787425,Event,FeedEligibility,OS_SIGNPOST_ID_EXCLUSIVE,item=game_0019,Sekai (9071),"Main Thread (0xde42e) (Sekai, pid: 9071)"
43.457960958,End,FeedSettle,0x182,completed,Sekai (9071),"Main Thread (0xde42e) (Sekai, pid: 9071)"
43.458131916,Begin,FeedWebViewDetach,0x185,item=game_0017,Sekai (9071),"Main Thread (0xde42e) (Sekai, pid: 9071)"
43.458477708,End,FeedWebViewDetach,0x185,completed,Sekai (9071),"Main Thread (0xde42e) (Sekai, pid: 9071)"
43.458601333,Begin,WebPoolReconcile,0x186,current=game_0019 eligible=game_0019,Sekai (9071),"Main Thread (0xde42e) (Sekai, pid: 9071)"
43.458609958,Begin,WebSlotReset,0x187,item=game_0016,Sekai (9071),"Main Thread (0xde42e) (Sekai, pid: 9071)"
43.458719458,End,WebLoadToReady,0x150,reset or cancelled,Sekai (9071),"Main Thread (0xde42e) (Sekai, pid: 9071)"
43.458861708,End,WebSlotReset,0x187,completed,Sekai (9071),"Main Thread (0xde42e) (Sekai, pid: 9071)"
43.458882708,Begin,FeedRenderCells,0x188,,Sekai (9071),"Main Thread (0xde42e) (Sekai, pid: 9071)"
43.458900166,End,FeedRenderCells,0x188,completed,Sekai (9071),"Main Thread (0xde42e) (Sekai, pid: 9071)"
43.458901625,End,WebPoolReconcile,0x186,completed,Sekai (9071),"Main Thread (0xde42e) (Sekai, pid: 9071)"
43.833245541,Event,WebNavigationCommit,OS_SIGNPOST_ID_EXCLUSIVE,item=blank,Sekai (9071),"Main Thread (0xde42e) (Sekai, pid: 9071)"
43.836121833,Begin,WebPoolReconcile,0x189,current=game_0019 eligible=game_0019,Sekai (9071),"Main Thread (0xde42e) (Sekai, pid: 9071)"
43.836189,Begin,WebLoadToReady,0x18a,item=game_0020 role=adjacent slot=0,Sekai (9071),"Main Thread (0xde42e) (Sekai, pid: 9071)"
43.8364035,Begin,FeedRenderCells,0x18b,,Sekai (9071),"Main Thread (0xde42e) (Sekai, pid: 9071)"
43.836437541,End,FeedRenderCells,0x18b,completed,Sekai (9071),"Main Thread (0xde42e) (Sekai, pid: 9071)"
43.836443083,End,WebPoolReconcile,0x189,completed,Sekai (9071),"Main Thread (0xde42e) (Sekai, pid: 9071)"
43.840330708,Begin,FeedRenderCells,0x18c,,Sekai (9071),"Main Thread (0xde42e) (Sekai, pid: 9071)"
43.840355916,End,FeedRenderCells,0x18c,completed,Sekai (9071),"Main Thread (0xde42e) (Sekai, pid: 9071)"
43.972652833,Event,WebNavigationCommit,OS_SIGNPOST_ID_EXCLUSIVE,item=game_0020,Sekai (9071),"Main Thread (0xde42e) (Sekai, pid: 9071)"
44.416520208,Begin,FeedDrag,0x18d,item=game_0019,Sekai (9071),"Main Thread (0xde42e) (Sekai, pid: 9071)"
44.416540291,Event,FeedEligibility,OS_SIGNPOST_ID_EXCLUSIVE,item=none,Sekai (9071),"Main Thread (0xde42e) (Sekai, pid: 9071)"
44.416766,Begin,WebPoolReconcile,0x18e,current=game_0019 eligible=none,Sekai (9071),"Main Thread (0xde42e) (Sekai, pid: 9071)"
44.416788833,Begin,FeedRenderCells,0x18f,,Sekai (9071),"Main Thread (0xde42e) (Sekai, pid: 9071)"
44.4168395,End,FeedRenderCells,0x18f,completed,Sekai (9071),"Main Thread (0xde42e) (Sekai, pid: 9071)"
44.416841916,End,WebPoolReconcile,0x18e,completed,Sekai (9071),"Main Thread (0xde42e) (Sekai, pid: 9071)"
44.433097458,Begin,FeedWebViewAttach,0x190,item=game_0020,Sekai (9071),"Main Thread (0xde42e) (Sekai, pid: 9071)"
44.434696583,End,FeedWebViewAttach,0x190,completed,Sekai (9071),"Main Thread (0xde42e) (Sekai, pid: 9071)"
44.849617083,End,FeedDrag,0x18d,drag ended,Sekai (9071),"Main Thread (0xde42e) (Sekai, pid: 9071)"
44.849620791,Begin,FeedDeceleration,0x191,,Sekai (9071),"Main Thread (0xde42e) (Sekai, pid: 9071)"
45.191285416,End,FeedDeceleration,0x191,settled,Sekai (9071),"Main Thread (0xde42e) (Sekai, pid: 9071)"
45.191289208,Begin,FeedSettle,0x192,,Sekai (9071),"Main Thread (0xde42e) (Sekai, pid: 9071)"
45.191299708,Event,FeedCurrentItem,OS_SIGNPOST_ID_EXCLUSIVE,index=16 item=game_0020,Sekai (9071),"Main Thread (0xde42e) (Sekai, pid: 9071)"
45.191301625,Begin,FeedAssignWindow,0x193,item=game_0020,Sekai (9071),"Main Thread (0xde42e) (Sekai, pid: 9071)"
45.19132875,Begin,FeedRenderCells,0x194,,Sekai (9071),"Main Thread (0xde42e) (Sekai, pid: 9071)"
45.191368875,End,FeedRenderCells,0x194,completed,Sekai (9071),"Main Thread (0xde42e) (Sekai, pid: 9071)"
45.191375041,End,FeedAssignWindow,0x193,completed,Sekai (9071),"Main Thread (0xde42e) (Sekai, pid: 9071)"
45.191394041,Event,FeedEligibility,OS_SIGNPOST_ID_EXCLUSIVE,item=game_0020,Sekai (9071),"Main Thread (0xde42e) (Sekai, pid: 9071)"
45.191479625,End,FeedSettle,0x192,completed,Sekai (9071),"Main Thread (0xde42e) (Sekai, pid: 9071)"
45.191629625,Begin,FeedWebViewDetach,0x195,item=game_0019,Sekai (9071),"Main Thread (0xde42e) (Sekai, pid: 9071)"
45.191958541,End,FeedWebViewDetach,0x195,completed,Sekai (9071),"Main Thread (0xde42e) (Sekai, pid: 9071)"
45.192068583,Begin,WebPoolReconcile,0x196,current=game_0020 eligible=game_0020,Sekai (9071),"Main Thread (0xde42e) (Sekai, pid: 9071)"
45.192079333,Begin,WebSlotReset,0x197,item=game_0017,Sekai (9071),"Main Thread (0xde42e) (Sekai, pid: 9071)"
45.192184583,End,WebLoadToReady,0x16a,reset or cancelled,Sekai (9071),"Main Thread (0xde42e) (Sekai, pid: 9071)"
45.1923365,End,WebSlotReset,0x197,completed,Sekai (9071),"Main Thread (0xde42e) (Sekai, pid: 9071)"
45.192355208,Begin,FeedRenderCells,0x198,,Sekai (9071),"Main Thread (0xde42e) (Sekai, pid: 9071)"
45.192372416,End,FeedRenderCells,0x198,completed,Sekai (9071),"Main Thread (0xde42e) (Sekai, pid: 9071)"
45.192373791,End,WebPoolReconcile,0x196,completed,Sekai (9071),"Main Thread (0xde42e) (Sekai, pid: 9071)"
46.085117416,Event,WebNavigationCommit,OS_SIGNPOST_ID_EXCLUSIVE,item=blank,Sekai (9071),"Main Thread (0xde42e) (Sekai, pid: 9071)"
46.085539,Begin,WebPoolReconcile,0x199,current=game_0020 eligible=game_0020,Sekai (9071),"Main Thread (0xde42e) (Sekai, pid: 9071)"
46.085640416,Begin,WebLoadToReady,0x19a,item=game_0021 role=adjacent slot=2,Sekai (9071),"Main Thread (0xde42e) (Sekai, pid: 9071)"
46.085812875,Begin,FeedRenderCells,0x19b,,Sekai (9071),"Main Thread (0xde42e) (Sekai, pid: 9071)"
46.085837916,End,FeedRenderCells,0x19b,completed,Sekai (9071),"Main Thread (0xde42e) (Sekai, pid: 9071)"
46.085839625,End,WebPoolReconcile,0x199,completed,Sekai (9071),"Main Thread (0xde42e) (Sekai, pid: 9071)"
46.094253208,Begin,FeedRenderCells,0x19c,,Sekai (9071),"Main Thread (0xde42e) (Sekai, pid: 9071)"
46.09427875,End,FeedRenderCells,0x19c,completed,Sekai (9071),"Main Thread (0xde42e) (Sekai, pid: 9071)"
46.317902875,Event,WebNavigationCommit,OS_SIGNPOST_ID_EXCLUSIVE,item=game_0021,Sekai (9071),"Main Thread (0xde42e) (Sekai, pid: 9071)"
46.333535083,Begin,FeedDrag,0x19d,item=game_0020,Sekai (9071),"Main Thread (0xde42e) (Sekai, pid: 9071)"
46.333554083,Event,FeedEligibility,OS_SIGNPOST_ID_EXCLUSIVE,item=none,Sekai (9071),"Main Thread (0xde42e) (Sekai, pid: 9071)"
46.333776125,Begin,WebPoolReconcile,0x19e,current=game_0020 eligible=none,Sekai (9071),"Main Thread (0xde42e) (Sekai, pid: 9071)"
46.333798416,Begin,FeedRenderCells,0x19f,,Sekai (9071),"Main Thread (0xde42e) (Sekai, pid: 9071)"
46.333824333,End,FeedRenderCells,0x19f,completed,Sekai (9071),"Main Thread (0xde42e) (Sekai, pid: 9071)"
46.333825958,End,WebPoolReconcile,0x19e,completed,Sekai (9071),"Main Thread (0xde42e) (Sekai, pid: 9071)"
46.350025333,Begin,FeedWebViewAttach,0x1a0,item=game_0021,Sekai (9071),"Main Thread (0xde42e) (Sekai, pid: 9071)"
46.351065166,End,FeedWebViewAttach,0x1a0,completed,Sekai (9071),"Main Thread (0xde42e) (Sekai, pid: 9071)"
46.599890583,End,FeedDrag,0x19d,drag ended,Sekai (9071),"Main Thread (0xde42e) (Sekai, pid: 9071)"
46.599894458,Begin,FeedDeceleration,0x1a1,,Sekai (9071),"Main Thread (0xde42e) (Sekai, pid: 9071)"
46.941602875,End,FeedDeceleration,0x1a1,settled,Sekai (9071),"Main Thread (0xde42e) (Sekai, pid: 9071)"
46.941606833,Begin,FeedSettle,0x1a2,,Sekai (9071),"Main Thread (0xde42e) (Sekai, pid: 9071)"
46.941615666,Event,FeedCurrentItem,OS_SIGNPOST_ID_EXCLUSIVE,index=17 item=game_0021,Sekai (9071),"Main Thread (0xde42e) (Sekai, pid: 9071)"
46.941617625,Begin,FeedAssignWindow,0x1a3,item=game_0021,Sekai (9071),"Main Thread (0xde42e) (Sekai, pid: 9071)"
46.941645333,Begin,FeedRenderCells,0x1a4,,Sekai (9071),"Main Thread (0xde42e) (Sekai, pid: 9071)"
46.941685916,End,FeedRenderCells,0x1a4,completed,Sekai (9071),"Main Thread (0xde42e) (Sekai, pid: 9071)"
46.941692416,End,FeedAssignWindow,0x1a3,completed,Sekai (9071),"Main Thread (0xde42e) (Sekai, pid: 9071)"
46.9417115,Event,FeedEligibility,OS_SIGNPOST_ID_EXCLUSIVE,item=game_0021,Sekai (9071),"Main Thread (0xde42e) (Sekai, pid: 9071)"
46.941812375,End,FeedSettle,0x1a2,completed,Sekai (9071),"Main Thread (0xde42e) (Sekai, pid: 9071)"
46.941976708,Begin,FeedWebViewDetach,0x1a5,item=game_0020,Sekai (9071),"Main Thread (0xde42e) (Sekai, pid: 9071)"
46.942309291,End,FeedWebViewDetach,0x1a5,completed,Sekai (9071),"Main Thread (0xde42e) (Sekai, pid: 9071)"
46.942423666,Begin,WebPoolReconcile,0x1a6,current=game_0021 eligible=game_0021,Sekai (9071),"Main Thread (0xde42e) (Sekai, pid: 9071)"
46.942433833,Begin,WebSlotReset,0x1a7,item=game_0019,Sekai (9071),"Main Thread (0xde42e) (Sekai, pid: 9071)"
46.942543458,End,WebLoadToReady,0x17a,reset or cancelled,Sekai (9071),"Main Thread (0xde42e) (Sekai, pid: 9071)"
46.942677125,End,WebSlotReset,0x1a7,completed,Sekai (9071),"Main Thread (0xde42e) (Sekai, pid: 9071)"
46.942697666,Begin,FeedRenderCells,0x1a8,,Sekai (9071),"Main Thread (0xde42e) (Sekai, pid: 9071)"
46.942715666,End,FeedRenderCells,0x1a8,completed,Sekai (9071),"Main Thread (0xde42e) (Sekai, pid: 9071)"
46.942717041,End,WebPoolReconcile,0x1a6,completed,Sekai (9071),"Main Thread (0xde42e) (Sekai, pid: 9071)"
47.009545583,Event,WebNavigationCommit,OS_SIGNPOST_ID_EXCLUSIVE,item=blank,Sekai (9071),"Main Thread (0xde42e) (Sekai, pid: 9071)"
47.009957541,Begin,WebPoolReconcile,0x1a9,current=game_0021 eligible=game_0021,Sekai (9071),"Main Thread (0xde42e) (Sekai, pid: 9071)"
47.010046,Begin,WebLoadToReady,0x1aa,item=game_0022 role=adjacent slot=1,Sekai (9071),"Main Thread (0xde42e) (Sekai, pid: 9071)"
47.010240791,Begin,FeedRenderCells,0x1ab,,Sekai (9071),"Main Thread (0xde42e) (Sekai, pid: 9071)"
47.010267,End,FeedRenderCells,0x1ab,completed,Sekai (9071),"Main Thread (0xde42e) (Sekai, pid: 9071)"
47.010268666,End,WebPoolReconcile,0x1a9,completed,Sekai (9071),"Main Thread (0xde42e) (Sekai, pid: 9071)"
47.02557775,Begin,FeedRenderCells,0x1ac,,Sekai (9071),"Main Thread (0xde42e) (Sekai, pid: 9071)"
47.025608041,End,FeedRenderCells,0x1ac,completed,Sekai (9071),"Main Thread (0xde42e) (Sekai, pid: 9071)"
47.289936791,Event,WebNavigationCommit,OS_SIGNPOST_ID_EXCLUSIVE,item=game_0022,Sekai (9071),"Main Thread (0xde42e) (Sekai, pid: 9071)"
47.600167208,Begin,FeedDrag,0x1ad,item=game_0021,Sekai (9071),"Main Thread (0xde42e) (Sekai, pid: 9071)"
47.600187583,Event,FeedEligibility,OS_SIGNPOST_ID_EXCLUSIVE,item=none,Sekai (9071),"Main Thread (0xde42e) (Sekai, pid: 9071)"
47.600587833,Begin,FeedWebViewAttach,0x1ae,item=game_0022,Sekai (9071),"Main Thread (0xde42e) (Sekai, pid: 9071)"
47.601569083,End,FeedWebViewAttach,0x1ae,completed,Sekai (9071),"Main Thread (0xde42e) (Sekai, pid: 9071)"
47.602366291,Begin,WebPoolReconcile,0x1af,current=game_0021 eligible=none,Sekai (9071),"Main Thread (0xde42e) (Sekai, pid: 9071)"
47.602397458,Begin,FeedRenderCells,0x1b0,,Sekai (9071),"Main Thread (0xde42e) (Sekai, pid: 9071)"
47.602425125,End,FeedRenderCells,0x1b0,completed,Sekai (9071),"Main Thread (0xde42e) (Sekai, pid: 9071)"
47.602426916,End,WebPoolReconcile,0x1af,completed,Sekai (9071),"Main Thread (0xde42e) (Sekai, pid: 9071)"
48.01689025,End,FeedDrag,0x1ad,drag ended,Sekai (9071),"Main Thread (0xde42e) (Sekai, pid: 9071)"
48.016893875,Begin,FeedDeceleration,0x1b1,,Sekai (9071),"Main Thread (0xde42e) (Sekai, pid: 9071)"
48.358503833,End,FeedDeceleration,0x1b1,settled,Sekai (9071),"Main Thread (0xde42e) (Sekai, pid: 9071)"
48.35850775,Begin,FeedSettle,0x1b2,,Sekai (9071),"Main Thread (0xde42e) (Sekai, pid: 9071)"
48.35851875,Event,FeedCurrentItem,OS_SIGNPOST_ID_EXCLUSIVE,index=18 item=game_0022,Sekai (9071),"Main Thread (0xde42e) (Sekai, pid: 9071)"
48.358520583,Begin,FeedAssignWindow,0x1b3,item=game_0022,Sekai (9071),"Main Thread (0xde42e) (Sekai, pid: 9071)"
48.3585505,Begin,FeedRenderCells,0x1b4,,Sekai (9071),"Main Thread (0xde42e) (Sekai, pid: 9071)"
48.358593916,End,FeedRenderCells,0x1b4,completed,Sekai (9071),"Main Thread (0xde42e) (Sekai, pid: 9071)"
48.358600708,End,FeedAssignWindow,0x1b3,completed,Sekai (9071),"Main Thread (0xde42e) (Sekai, pid: 9071)"
48.358621208,Event,FeedEligibility,OS_SIGNPOST_ID_EXCLUSIVE,item=game_0022,Sekai (9071),"Main Thread (0xde42e) (Sekai, pid: 9071)"
48.358710291,End,FeedSettle,0x1b2,completed,Sekai (9071),"Main Thread (0xde42e) (Sekai, pid: 9071)"
48.358883791,Begin,FeedWebViewDetach,0x1b5,item=game_0021,Sekai (9071),"Main Thread (0xde42e) (Sekai, pid: 9071)"
48.359217208,End,FeedWebViewDetach,0x1b5,completed,Sekai (9071),"Main Thread (0xde42e) (Sekai, pid: 9071)"
48.359362541,Begin,WebPoolReconcile,0x1b6,current=game_0022 eligible=game_0022,Sekai (9071),"Main Thread (0xde42e) (Sekai, pid: 9071)"
48.359371625,Begin,WebSlotReset,0x1b7,item=game_0020,Sekai (9071),"Main Thread (0xde42e) (Sekai, pid: 9071)"
48.359482333,End,WebLoadToReady,0x18a,reset or cancelled,Sekai (9071),"Main Thread (0xde42e) (Sekai, pid: 9071)"
48.359613541,End,WebSlotReset,0x1b7,completed,Sekai (9071),"Main Thread (0xde42e) (Sekai, pid: 9071)"
48.359635333,Begin,FeedRenderCells,0x1b8,,Sekai (9071),"Main Thread (0xde42e) (Sekai, pid: 9071)"
48.359653041,End,FeedRenderCells,0x1b8,completed,Sekai (9071),"Main Thread (0xde42e) (Sekai, pid: 9071)"
48.359654583,End,WebPoolReconcile,0x1b6,completed,Sekai (9071),"Main Thread (0xde42e) (Sekai, pid: 9071)"
48.714420375,Event,WebNavigationCommit,OS_SIGNPOST_ID_EXCLUSIVE,item=blank,Sekai (9071),"Main Thread (0xde42e) (Sekai, pid: 9071)"
48.71599575,Begin,WebPoolReconcile,0x1b9,current=game_0022 eligible=game_0022,Sekai (9071),"Main Thread (0xde42e) (Sekai, pid: 9071)"
48.716082958,Begin,WebLoadToReady,0x1ba,item=game_0023 role=adjacent slot=0,Sekai (9071),"Main Thread (0xde42e) (Sekai, pid: 9071)"
48.716260875,Begin,FeedRenderCells,0x1bb,,Sekai (9071),"Main Thread (0xde42e) (Sekai, pid: 9071)"
48.716285208,End,FeedRenderCells,0x1bb,completed,Sekai (9071),"Main Thread (0xde42e) (Sekai, pid: 9071)"
48.716286916,End,WebPoolReconcile,0x1b9,completed,Sekai (9071),"Main Thread (0xde42e) (Sekai, pid: 9071)"
48.72452475,Begin,FeedRenderCells,0x1bc,,Sekai (9071),"Main Thread (0xde42e) (Sekai, pid: 9071)"
48.724550375,End,FeedRenderCells,0x1bc,completed,Sekai (9071),"Main Thread (0xde42e) (Sekai, pid: 9071)"
48.982663791,Event,WebNavigationCommit,OS_SIGNPOST_ID_EXCLUSIVE,item=game_0023,Sekai (9071),"Main Thread (0xde42e) (Sekai, pid: 9071)"
49.217097083,Begin,FeedDrag,0x1bd,item=game_0022,Sekai (9071),"Main Thread (0xde42e) (Sekai, pid: 9071)"
49.217116208,Event,FeedEligibility,OS_SIGNPOST_ID_EXCLUSIVE,item=none,Sekai (9071),"Main Thread (0xde42e) (Sekai, pid: 9071)"
49.217535416,Begin,FeedWebViewAttach,0x1be,item=game_0023,Sekai (9071),"Main Thread (0xde42e) (Sekai, pid: 9071)"
49.218710541,End,FeedWebViewAttach,0x1be,completed,Sekai (9071),"Main Thread (0xde42e) (Sekai, pid: 9071)"
49.219543541,Begin,WebPoolReconcile,0x1bf,current=game_0022 eligible=none,Sekai (9071),"Main Thread (0xde42e) (Sekai, pid: 9071)"
49.219566083,Begin,FeedRenderCells,0x1c0,,Sekai (9071),"Main Thread (0xde42e) (Sekai, pid: 9071)"
49.219591083,End,FeedRenderCells,0x1c0,completed,Sekai (9071),"Main Thread (0xde42e) (Sekai, pid: 9071)"
49.219592708,End,WebPoolReconcile,0x1bf,completed,Sekai (9071),"Main Thread (0xde42e) (Sekai, pid: 9071)"
49.533739291,End,FeedDrag,0x1bd,drag ended,Sekai (9071),"Main Thread (0xde42e) (Sekai, pid: 9071)"
49.533743208,Begin,FeedDeceleration,0x1c1,,Sekai (9071),"Main Thread (0xde42e) (Sekai, pid: 9071)"
49.858668916,Begin,FeedWebViewDetach,0x1c2,item=game_0022,Sekai (9071),"Main Thread (0xde42e) (Sekai, pid: 9071)"
49.858887416,End,FeedWebViewDetach,0x1c2,completed,Sekai (9071),"Main Thread (0xde42e) (Sekai, pid: 9071)"
49.875324458,End,FeedDeceleration,0x1c1,settled,Sekai (9071),"Main Thread (0xde42e) (Sekai, pid: 9071)"
49.875327041,Begin,FeedSettle,0x1c3,,Sekai (9071),"Main Thread (0xde42e) (Sekai, pid: 9071)"
49.875334958,Event,FeedCurrentItem,OS_SIGNPOST_ID_EXCLUSIVE,index=19 item=game_0023,Sekai (9071),"Main Thread (0xde42e) (Sekai, pid: 9071)"
49.875336666,Begin,FeedAssignWindow,0x1c4,item=game_0023,Sekai (9071),"Main Thread (0xde42e) (Sekai, pid: 9071)"
49.875358333,Begin,FeedRenderCells,0x1c5,,Sekai (9071),"Main Thread (0xde42e) (Sekai, pid: 9071)"
49.875381083,End,FeedRenderCells,0x1c5,completed,Sekai (9071),"Main Thread (0xde42e) (Sekai, pid: 9071)"
49.875386166,End,FeedAssignWindow,0x1c4,completed,Sekai (9071),"Main Thread (0xde42e) (Sekai, pid: 9071)"
49.875399875,Event,FeedEligibility,OS_SIGNPOST_ID_EXCLUSIVE,item=game_0023,Sekai (9071),"Main Thread (0xde42e) (Sekai, pid: 9071)"
49.875474416,End,FeedSettle,0x1c3,completed,Sekai (9071),"Main Thread (0xde42e) (Sekai, pid: 9071)"
49.875621916,Begin,WebPoolReconcile,0x1c6,current=game_0023 eligible=game_0023,Sekai (9071),"Main Thread (0xde42e) (Sekai, pid: 9071)"
49.875629708,Begin,WebSlotReset,0x1c7,item=game_0021,Sekai (9071),"Main Thread (0xde42e) (Sekai, pid: 9071)"
49.875692833,End,WebLoadToReady,0x19a,reset or cancelled,Sekai (9071),"Main Thread (0xde42e) (Sekai, pid: 9071)"
49.875799458,End,WebSlotReset,0x1c7,completed,Sekai (9071),"Main Thread (0xde42e) (Sekai, pid: 9071)"
49.875813458,Begin,FeedRenderCells,0x1c8,,Sekai (9071),"Main Thread (0xde42e) (Sekai, pid: 9071)"
49.875830416,End,FeedRenderCells,0x1c8,completed,Sekai (9071),"Main Thread (0xde42e) (Sekai, pid: 9071)"
49.875838041,End,WebPoolReconcile,0x1c6,completed,Sekai (9071),"Main Thread (0xde42e) (Sekai, pid: 9071)"
50.033103708,Event,WebNavigationCommit,OS_SIGNPOST_ID_EXCLUSIVE,item=blank,Sekai (9071),"Main Thread (0xde42e) (Sekai, pid: 9071)"
50.033497083,Begin,WebPoolReconcile,0x1c9,current=game_0023 eligible=game_0023,Sekai (9071),"Main Thread (0xde42e) (Sekai, pid: 9071)"
50.033587291,Begin,WebLoadToReady,0x1ca,item=game_0024 role=adjacent slot=2,Sekai (9071),"Main Thread (0xde42e) (Sekai, pid: 9071)"
50.03379325,Begin,FeedRenderCells,0x1cb,,Sekai (9071),"Main Thread (0xde42e) (Sekai, pid: 9071)"
50.033819291,End,FeedRenderCells,0x1cb,completed,Sekai (9071),"Main Thread (0xde42e) (Sekai, pid: 9071)"
50.033821,End,WebPoolReconcile,0x1c9,completed,Sekai (9071),"Main Thread (0xde42e) (Sekai, pid: 9071)"
50.051186541,Begin,FeedRenderCells,0x1cc,,Sekai (9071),"Main Thread (0xde42e) (Sekai, pid: 9071)"
50.05121625,End,FeedRenderCells,0x1cc,completed,Sekai (9071),"Main Thread (0xde42e) (Sekai, pid: 9071)"
50.201939666,Event,WebNavigationCommit,OS_SIGNPOST_ID_EXCLUSIVE,item=game_0024,Sekai (9071),"Main Thread (0xde42e) (Sekai, pid: 9071)"
50.734030333,Begin,FeedDrag,0x1cd,item=game_0023,Sekai (9071),"Main Thread (0xde42e) (Sekai, pid: 9071)"
50.734051291,Event,FeedEligibility,OS_SIGNPOST_ID_EXCLUSIVE,item=none,Sekai (9071),"Main Thread (0xde42e) (Sekai, pid: 9071)"
50.7345815,Begin,FeedWebViewAttach,0x1ce,item=game_0024,Sekai (9071),"Main Thread (0xde42e) (Sekai, pid: 9071)"
50.735632833,End,FeedWebViewAttach,0x1ce,completed,Sekai (9071),"Main Thread (0xde42e) (Sekai, pid: 9071)"
50.73642225,Begin,WebPoolReconcile,0x1cf,current=game_0023 eligible=none,Sekai (9071),"Main Thread (0xde42e) (Sekai, pid: 9071)"
50.736445125,Begin,FeedRenderCells,0x1d0,,Sekai (9071),"Main Thread (0xde42e) (Sekai, pid: 9071)"
50.736470583,End,FeedRenderCells,0x1d0,completed,Sekai (9071),"Main Thread (0xde42e) (Sekai, pid: 9071)"
50.736472291,End,WebPoolReconcile,0x1cf,completed,Sekai (9071),"Main Thread (0xde42e) (Sekai, pid: 9071)"
51.176006041,End,FeedDrag,0x1cd,drag ended,Sekai (9071),"Main Thread (0xde42e) (Sekai, pid: 9071)"
51.176008083,Begin,FeedDeceleration,0x1d1,,Sekai (9071),"Main Thread (0xde42e) (Sekai, pid: 9071)"
51.525659041,End,FeedDeceleration,0x1d1,settled,Sekai (9071),"Main Thread (0xde42e) (Sekai, pid: 9071)"
51.525662458,Begin,FeedSettle,0x1d2,,Sekai (9071),"Main Thread (0xde42e) (Sekai, pid: 9071)"
51.525671916,Event,FeedCurrentItem,OS_SIGNPOST_ID_EXCLUSIVE,index=20 item=game_0024,Sekai (9071),"Main Thread (0xde42e) (Sekai, pid: 9071)"
51.52567375,Begin,FeedAssignWindow,0x1d3,item=game_0024,Sekai (9071),"Main Thread (0xde42e) (Sekai, pid: 9071)"
51.525697333,Begin,FeedRenderCells,0x1d4,,Sekai (9071),"Main Thread (0xde42e) (Sekai, pid: 9071)"
51.525736791,End,FeedRenderCells,0x1d4,completed,Sekai (9071),"Main Thread (0xde42e) (Sekai, pid: 9071)"
51.525744041,End,FeedAssignWindow,0x1d3,completed,Sekai (9071),"Main Thread (0xde42e) (Sekai, pid: 9071)"
51.525763166,Event,FeedEligibility,OS_SIGNPOST_ID_EXCLUSIVE,item=game_0024,Sekai (9071),"Main Thread (0xde42e) (Sekai, pid: 9071)"
51.525860541,End,FeedSettle,0x1d2,completed,Sekai (9071),"Main Thread (0xde42e) (Sekai, pid: 9071)"
51.526016208,Begin,FeedWebViewDetach,0x1d5,item=game_0023,Sekai (9071),"Main Thread (0xde42e) (Sekai, pid: 9071)"
51.526684791,End,FeedWebViewDetach,0x1d5,completed,Sekai (9071),"Main Thread (0xde42e) (Sekai, pid: 9071)"
51.526788458,Begin,WebPoolReconcile,0x1d6,current=game_0024 eligible=game_0024,Sekai (9071),"Main Thread (0xde42e) (Sekai, pid: 9071)"
51.526797208,Begin,WebSlotReset,0x1d7,item=game_0022,Sekai (9071),"Main Thread (0xde42e) (Sekai, pid: 9071)"
51.526892583,End,WebLoadToReady,0x1aa,reset or cancelled,Sekai (9071),"Main Thread (0xde42e) (Sekai, pid: 9071)"
51.527031875,End,WebSlotReset,0x1d7,completed,Sekai (9071),"Main Thread (0xde42e) (Sekai, pid: 9071)"
51.527051875,Begin,FeedRenderCells,0x1d8,,Sekai (9071),"Main Thread (0xde42e) (Sekai, pid: 9071)"
51.527067291,End,FeedRenderCells,0x1d8,completed,Sekai (9071),"Main Thread (0xde42e) (Sekai, pid: 9071)"
51.527068791,End,WebPoolReconcile,0x1d6,completed,Sekai (9071),"Main Thread (0xde42e) (Sekai, pid: 9071)"
