name,signpost_id,start_s,end_s,duration_ms,begin_message,outcome
FeedDeceleration,0x66,15.686660166,16.036286166,349.62600000000066,,settled
FeedWebViewDetach,0x67,16.019764333,16.020087458,0.32312499999775923,item=game_0005,completed
FeedSettle,0x68,16.036289375,16.036499625,0.21025000000207683,,completed
FeedAssignWindow,0x69,16.036299291,16.036352291,0.05300000000119098,item=game_0003,completed
FeedRenderCells,0x6a,16.036322,16.036349458,0.027458000001701066,,completed
WebPoolReconcile,0x6b,16.036624541,16.036890208,0.2656670000007466,current=game_0003 eligible=game_0003,completed
WebSlotReset,0x6c,16.036634208,16.036857416,0.22320800000130703,item=game_0006,completed
FeedRenderCells,0x6d,16.036873916,16.036888875,0.014958999997816136,,completed
FeedDrag,0x6e,16.21192525,16.297039625,85.11437499999985,item=game_0003,drag ended
WebPoolReconcile,0x6f,16.213418666,16.213467541,0.048875000000947466,current=game_0003 eligible=none,completed
FeedRenderCells,0x70,16.21344225,16.213465916,0.023666000000588383,,completed
WebPoolReconcile,0x71,16.295086125,16.296317916,1.2317909999985943,current=game_0003 eligible=none,completed
WebLoadToReady,0x72,16.295182291,18.703908958,2408.726667,item=game_0001 role=adjacent slot=1,reset or cancelled
FeedRenderCells,0x73,16.295424916,16.296316166,0.8912499999986778,,completed
FeedWebViewAttach,0x74,16.295434625,16.296143458,0.708833000000908,item=game_0001,completed
FeedDeceleration,0x75,16.29704175,16.636388333,339.3465829999975,,settled
FeedRenderCells,0x76,16.316959625,16.316998375,0.03875000000164164,,completed
FeedWebViewDetach,0x77,16.619848875,16.623160958,3.312083000000854,item=game_0003,completed
FeedSettle,0x78,16.636395416,16.636543083,0.14766700000024002,,completed
FeedAssignWindow,0x79,16.636405083,16.636457125,0.05204200000008541,item=game_0001,completed
FeedRenderCells,0x7a,16.636423708,16.636454333,0.03062500000083901,,completed
WebPoolReconcile,0x7b,16.636667291,16.636933333,0.26604200000335254,current=game_0001 eligible=game_0001,completed
WebSlotReset,0x7c,16.636675291,16.636889,0.21370900000050597,item=game_0005,completed
FeedRenderCells,0x7d,16.636913666,16.636931958,0.01829200000003084,,completed
WebPoolReconcile,0x7e,16.673932208,16.674237083,0.3048750000012035,current=game_0001 eligible=game_0001,completed
WebLoadToReady,0x7f,16.6740175,18.703707625,2029.6901249999983,item=game_0000 role=adjacent slot=0,reset or cancelled
FeedRenderCells,0x80,16.6742065,16.674235291,0.028790999998307143,,completed
FeedRenderCells,0x81,16.690156958,16.690186416,0.029458000000204265,,completed
FeedDrag,0x82,16.878294291,16.93649175,58.19745899999873,item=game_0001,drag ended
WebPoolReconcile,0x83,16.878590166,16.87863625,0.04608400000094548,current=game_0001 eligible=none,completed
FeedRenderCells,0x84,16.878611,16.878634708,0.023708000000510765,,completed
FeedWebViewAttach,0x85,16.895083,16.896559666,1.4766660000020693,item=game_0000,completed
FeedDeceleration,0x86,16.936495125,17.269806958,333.31183299999975,,settled
FeedWebViewDetach,0x87,17.253372541,17.253657458,0.2849169999983303,item=game_0001,completed
FeedSettle,0x88,17.269810125,17.269957541,0.14741600000078847,,completed
FeedAssignWindow,0x89,17.269820375,17.269869583,0.0492080000000783,item=game_0000,completed
FeedRenderCells,0x8a,17.269839125,17.269867291,0.028165999999885116,,completed
WebPoolReconcile,0x8b,17.270086375,17.270348208,0.26183299999971155,current=game_0000 eligible=game_0000,completed
WebSlotReset,0x8c,17.270096583,17.270320208,0.22362500000028263,item=game_0003,completed
FeedRenderCells,0x8d,17.270332458,17.270346916,0.014458000002548488,,completed
FeedDrag,0x8e,17.528378208,17.578249708,49.871500000001845,item=game_0000,drag ended
WebPoolReconcile,0x8f,17.528652416,17.528712166,0.059749999998359726,current=game_0000 eligible=none,completed
FeedRenderCells,0x90,17.528670666,17.52869475,0.02408399999964672,,completed
FeedWebViewAttach,0x91,17.546352875,17.547008375,0.6555000000005862,item=game_0001,completed
FeedDeceleration,0x92,17.578252583,17.903563125,325.3105420000004,,new drag
FeedDrag,0x93,17.903567333,17.953325958,49.75862499999906,item=game_0000,drag ended
FeedWebViewDetach,0x94,17.911797208,17.912405083,0.6078750000000355,item=game_0000,completed
WebPoolReconcile,0x95,17.950120708,17.950170875,0.050167000001266615,current=game_0000 eligible=none,completed
FeedRenderCells,0x96,17.95014075,17.950169333,0.028583000002413428,,completed
FeedDeceleration,0x97,17.953328541,18.328448833,375.1202919999983,,new drag
FeedWebViewDetach,0x98,18.28800825,18.288302208,0.29395800000031613,item=game_0001,completed
FeedDrag,0x99,18.328452541,18.370056083,41.603542000000715,item=game_0000,drag ended
FeedDeceleration,0x9a,18.370058791,18.703374875,333.3160839999998,,settled
FeedSettle,0x9b,18.703378375,18.703519291,0.14091599999943583,,completed
FeedAssignWindow,0x9c,18.703387791,18.703435416,0.0476250000005507,item=game_0005,completed
FeedRenderCells,0x9d,18.703407291,18.703432458,0.0251670000004367,,completed
WebPoolReconcile,0x9e,18.70363175,18.955759666,252.12791599999917,current=game_0005 eligible=game_0005,completed
WebSlotReset,0x9f,18.703638333,18.703835791,0.19745799999881797,item=game_0000,completed
WebSlotReset,0xa0,18.703840083,18.70396125,0.12116699999964453,item=game_0001,completed
WebLoadToReady,0xa1,18.703997791,22.504445958,3800.4481670000027,item=game_0005 role=current slot=2,reset or cancelled
FeedRenderCells,0xa2,18.704180291,18.955758458,251.57816699999813,,completed
FeedWebViewAttach,0xa3,18.704186083,18.955650958,251.46487499999992,item=game_0005,completed
FeedDrag,0xa4,18.957186708,18.957369,0.18229200000163814,item=game_0005,drag ended
FeedSettle,0xa5,18.957370375,18.957415416,0.0450409999999124,,completed
FeedAssignWindow,0xa6,18.957373875,18.957395041,0.021166000003347563,item=game_0005,completed
FeedRenderCells,0xa7,18.957379166,18.9573915,0.01233400000089091,,completed
WebPoolReconcile,0xa8,18.95829875,18.958317666,0.018915999998370125,current=game_0005 eligible=game_0005,completed
FeedRenderCells,0xa9,18.958310416,18.958316958,0.006542000001275028,,completed
FeedRenderCells,0xaa,18.959447958,18.959470833,0.02287500000264231,,completed
WebPoolReconcile,0xab,18.971345,18.971629833,0.28483300000203826,current=game_0005 eligible=game_0005,completed
WebLoadToReady,0xac,18.971432333,21.587599375,2616.167042000001,item=game_0003 role=adjacent slot=1,reset or cancelled
FeedRenderCells,0xad,18.971605416,18.971628291,0.022874999999089596,,completed
FeedRenderCells,0xae,18.975004458,18.975025416,0.02095800000034842,,completed
WebPoolReconcile,0xaf,19.202981083,19.203174625,0.19354199999810362,current=game_0005 eligible=game_0005,completed
WebLoadToReady,0xb0,19.203046916,25.722685291,6519.6383749999995,item=game_0006 role=adjacent slot=0,reset or cancelled
FeedRenderCells,0xb1,19.203156458,19.2031735,0.017041999999634072,,completed
FeedRenderCells,0xb2,19.207575875,19.207598916,0.023040999998613643,,completed
FeedDrag,0xb3,20.978849708,21.228973708,250.12400000000312,item=game_0005,drag ended
WebPoolReconcile,0xb4,20.979006625,20.979031083,0.024457999998617197,current=game_0005 eligible=none,completed
FeedRenderCells,0xb5,20.979017541,20.979030291,0.012749999999783768,,completed
FeedWebViewAttach,0xb6,20.995487541,20.995909041,0.4215000000016289,item=game_0006,completed
FeedDeceleration,0xb7,21.228977291,21.58721075,358.23345900000095,,settled
FeedWebViewDetach,0xb8,21.570591666,21.571213,0.6213340000016387,item=game_0005,completed
FeedSettle,0xb9,21.587213708,21.587362833,0.14912500000008322,,completed
FeedAssignWindow,0xba,21.587225791,21.587276458,0.050667000000004236,item=game_0006,completed
FeedRenderCells,0xbb,21.587246541,21.587273083,0.026542000000517874,,completed
WebPoolReconcile,0xbc,21.587483875,21.587771916,0.28804100000101585,current=game_0006 eligible=game_0006,completed
WebSlotReset,0xbd,21.587493708,21.587737041,0.24333300000023428,item=game_0003,completed
FeedRenderCells,0xbe,21.587754958,21.587770625,0.0156669999995529,,completed
FeedDrag,0xbf,22.045759625,22.154089625,108.33000000000226,item=game_0006,drag ended
WebPoolReconcile,0xc0,22.04605075,22.046100708,0.049958000001737446,current=game_0006 eligible=none,completed
FeedRenderCells,0xc1,22.046074416,22.046099083,0.02466700000169908,,completed
FeedDeceleration,0xc2,22.154093,22.50402925,349.93624999999895,,settled
FeedWebViewDetach,0xc3,22.487419833,22.487742166,0.3223329999997304,item=game_0006,completed
FeedSettle,0xc4,22.504032583,22.504200083,0.16749999999987608,,completed
FeedAssignWindow,0xc5,22.504043791,22.50410775,0.06395899999844801,item=game_0007,completed
FeedRenderCells,0xc6,22.504066125,22.504089958,0.02383300000019517,,completed
WebPoolReconcile,0xc7,22.504327125,22.504617791,0.2906660000014938,current=game_0007 eligible=game_0007,completed
WebSlotReset,0xc8,22.504346041,22.504584625,0.23858399999809876,item=game_0005,completed
FeedRenderCells,0xc9,22.504602916,22.504616375,0.013459000001603272,,completed
FeedFilter,0xca,22.5046375,22.504647958,0.010457999998436662,count=10,completed
FeedFilter,0xcb,22.504681958,22.504689125,0.007166999999697055,count=10,completed
FeedFilter,0xcc,22.504698708,22.504705041,0.006333000001745859,count=10,completed
FeedPageLoad,0xcd,22.50471475,23.056429333,551.714582999999,page=1 generation=2 attempt=0,completed
FeedFilter,0xce,23.056370291,23.056383083,0.01279199999970615,count=20,completed
FeedFilter,0xcf,23.05643375,23.056444,0.010249999998990234,count=20,completed
FeedSnapshot,0xd0,23.056963791,23.061810833,4.84704199999797,old=8 new=16 revision=2,completed
WebPoolReconcile,0xd1,23.061643166,23.061685208,0.042042000000463986,current=game_0007 eligible=none,completed
FeedRenderCells,0xd2,23.0616655,23.061683416,0.017916000000894883,,completed
FeedAssignWindow,0xd3,23.061712125,23.061736541,0.024415999998694815,item=game_0007,completed
FeedRenderCells,0xd4,23.061724916,23.061733375,0.008459000000016204,,completed
WebPoolReconcile,0xd5,23.061857958,23.061879833,0.02187499999806164,current=game_0007 eligible=game_0007,completed
FeedRenderCells,0xd6,23.061871375,23.061878583,0.007207999999536696,,completed
WebPoolReconcile,0xd7,23.264761041,23.26603025,1.26920900000016,current=game_0007 eligible=game_0007,completed
WebLoadToReady,0xd8,23.264854458,27.5562285,4291.374042000001,item=game_0007 role=current slot=2,reset or cancelled
FeedRenderCells,0xd9,23.265083375,23.266027791,0.9444159999993929,,completed
FeedWebViewAttach,0xda,23.265095375,23.265850083,0.7547079999987716,item=game_0007,completed
FeedRenderCells,0xdb,23.273795333,23.27382925,0.03391699999966136,,completed
FeedDrag,0xdc,25.079753958,25.379681791,299.92783299999815,item=game_0007,drag ended
WebPoolReconcile,0xdd,25.080053666,25.080105333,0.05166699999747948,current=game_0007 eligible=none,completed
FeedRenderCells,0xde,25.080077583,25.080103708,0.026124999997989562,,completed
FeedDeceleration,0xdf,25.379685666,25.721406583,341.720917,,settled
FeedSettle,0xe0,25.72141025,25.721589125,0.17887499999957868,,completed
FeedAssignWindow,0xe1,25.721421208,25.721486583,0.06537500000192153,item=game_0008,completed
FeedRenderCells,0xe2,25.721445416,25.721482708,0.03729199999824573,,completed
FeedWebViewDetach,0xe3,25.721765958,25.722456833,0.6908750000000907,item=game_0007,completed
WebPoolReconcile,0xe4,25.722570708,25.722862708,0.2920000000017353,current=game_0008 eligible=game_0008,completed
WebSlotReset,0xe5,25.722579583,25.7228245,0.24491699999984462,item=game_0006,completed
FeedRenderCells,0xe6,25.722845625,25.722861333,0.01570799999939254,,completed
WebPoolReconcile,0xe7,26.124881916,26.125892708,1.0107919999988724,current=game_0008 eligible=game_0008,completed
WebLoadToReady,0xe8,26.124970708,29.322307958,3197.3372500000005,item=game_0008 role=current slot=0,reset or cancelled
FeedRenderCells,0xe9,26.125146333,26.125890791,0.7444579999997814,,completed
FeedWebViewAttach,0xea,26.125155833,26.125743208,0.5873749999985023,item=game_0008,completed
FeedRenderCells,0xeb,26.1435,26.143537708,0.0377080000006913,,completed
FeedDrag,0xec,26.930035833,27.213323541,283.2877079999996,item=game_0008,drag ended
WebPoolReconcile,0xed,26.930360625,26.930418958,0.058333000001908886,current=game_0008 eligible=none,completed
FeedRenderCells,0xee,26.930385625,26.930417125,0.03150000000218256,,completed
FeedDeceleration,0xef,27.213327541,27.555051958,341.7244169999982,,settled
FeedSettle,0xf0,27.555055125,27.555245291,0.1901659999994365,,completed
FeedAssignWindow,0xf1,27.555066666,27.555142125,0.07545900000138772,item=game_0009,completed
FeedRenderCells,0xf2,27.555101583,27.555137875,0.036292000000770486,,completed
FeedWebViewDetach,0xf3,27.555390625,27.556016083,0.6254579999982468,item=game_0008,completed
WebPoolReconcile,0xf4,27.55612575,27.556391958,0.2662079999993239,current=game_0009 eligible=game_0009,completed
WebSlotReset,0xf5,27.556135833,27.556359791,0.22395799999941346,item=game_0007,completed
FeedRenderCells,0xf6,27.556378666,27.5563905,0.011833999998600575,,completed
WebPoolReconcile,0xf7,27.930575916,27.931927833,1.351917000000924,current=game_0009 eligible=game_0009,completed
WebLoadToReady,0xf8,27.930687083,31.08927525,3158.5881670000012,item=game_0009 role=current slot=2,reset or cancelled
FeedRenderCells,0xf9,27.930985125,27.931925708,0.9405830000019932,,completed
FeedWebViewAttach,0xfa,27.930999625,27.931760541,0.760916000000833,item=game_0009,completed
FeedRenderCells,0xfb,27.938904708,27.93893775,0.03304200000187052,,completed
FeedDrag,0xfc,28.530382541,28.97191725,441.534708999999,item=game_0009,drag ended
WebPoolReconcile,0xfd,28.531366041,28.531424875,0.05883400000072925,current=game_0009 eligible=none,completed
FeedRenderCells,0xfe,28.531390541,28.531422958,0.03241699999989578,,completed
FeedDeceleration,0xff,28.971920875,29.32185125,349.9303750000031,,settled
FeedWebViewDetach,0x100,29.305244416,29.305431583,0.1871669999999881,item=game_0009,completed
FeedSettle,0x101,29.321854458,29.322021,0.1665419999987705,,completed
FeedAssignWindow,0x102,29.321864541,29.32192225,0.057709000000016886,item=game_0010,completed
FeedRenderCells,0x103,29.3218885,29.321917375,0.02887500000170462,,completed
WebPoolReconcile,0x104,29.322190458,29.32249575,0.3052920000001791,current=game_0010 eligible=game_0010,completed
WebSlotReset,0x105,29.322200166,29.322457291,0.2571250000009684,item=game_0008,completed
FeedRenderCells,0x106,29.322478875,29.322494166,0.01529099999686423,,completed
WebPoolReconcile,0x107,30.082664375,30.083367166,0.7027909999983706,current=game_0010 eligible=game_0010,completed
WebLoadToReady,0x108,30.082726791,32.940838333,2858.1115420000033,item=game_0010 role=current slot=1,reset or cancelled
FeedRenderCells,0x109,30.08285625,30.083366166,0.5099160000021641,,completed
FeedWebViewAttach,0x10a,30.082862541,30.083267041,0.4044999999983645,item=game_0010,completed
FeedRenderCells,0x10b,30.090681583,30.0907085,0.026917000003123803,,completed
FeedDrag,0x10c,30.280845666,30.755529583,474.6839170000001,item=game_0010,drag ended
WebPoolReconcile,0x10d,30.281106958,30.281158583,0.05162500000110981,current=game_0010 eligible=none,completed
FeedRenderCells,0x10e,30.281130916,30.281156916,0.02600000000185787,,completed
FeedDeceleration,0x10f,30.755533375,31.088802875,333.2695000000001,,settled
FeedSettle,0x110,31.088804666,31.088915916,0.11124999999978513,,completed
FeedAssignWindow,0x111,31.088812625,31.088852708,0.04008300000180043,item=game_0012,completed
FeedRenderCells,0x112,31.088829083,31.088850416,0.021332999999401636,,completed
FeedWebViewDetach,0x113,31.089013333,31.089176083,0.16275000000121054,item=game_0010,completed
WebPoolReconcile,0x114,31.089228291,31.089376458,0.14816699999897764,current=game_0012 eligible=game_0012,completed
WebSlotReset,0x115,31.089233166,31.089358666,0.12549999999933448,item=game_0009,completed
FeedRenderCells,0x116,31.089369333,31.089375791,0.00645799999787755,,completed
WebPoolReconcile,0x117,31.452118958,31.45325425,1.1352920000007316,current=game_0012 eligible=game_0012,completed
WebLoadToReady,0x118,31.452210083,34.790460875,3338.2507920000003,item=game_0012 role=current slot=2,reset or cancelled
FeedRenderCells,0x119,31.452416833,31.453251958,0.8351249999982713,,completed
FeedWebViewAttach,0x11a,31.452426625,31.453075416,0.6487909999997044,item=game_0012,completed
FeedRenderCells,0x11b,31.472432583,31.472471541,0.03895800000108807,,completed
FeedDrag,0x11c,32.464284291,32.59751275,133.22845900000146,item=game_0012,drag ended
WebPoolReconcile,0x11d,32.464576166,32.464627875,0.05170899999740186,current=game_0012 eligible=none,completed
FeedRenderCells,0x11e,32.4645995,32.464626291,0.026791000003356658,,completed
FeedDeceleration,0x11f,32.59751625,32.939301416,341.7851660000011,,settled
FeedSettle,0x120,32.939318375,32.939497666,0.17929100000202425,,completed
FeedAssignWindow,0x121,32.93933,32.939396208,0.06620799999978999,item=game_0013,completed
FeedRenderCells,0x122,32.939353708,32.939391166,0.03745800000132249,,completed
FeedWebViewDetach,0x123,32.939658291,32.940620583,0.9622919999969781,item=game_0012,completed
WebPoolReconcile,0x124,32.940738166,32.940990875,0.252708999994411,current=game_0013 eligible=game_0013,completed
WebSlotReset,0x125,32.94074675,32.940958583,0.211832999994499,item=game_0010,completed
FeedRenderCells,0x126,32.940977583,32.940989625,0.012042000001599718,,completed
WebPoolReconcile,0x127,33.216149666,33.217319833,1.1701669999979458,current=game_0013 eligible=game_0013,completed
WebLoadToReady,0x128,33.216245208,36.5241935,3307.948292000006,item=game_0013 role=current slot=1,reset or cancelled
FeedRenderCells,0x129,33.216409416,33.217317458,0.9080419999989431,,completed
FeedWebViewAttach,0x12a,33.216418875,33.21712925,0.7103749999970432,item=game_0013,completed
FeedRenderCells,0x12b,33.2238805,33.22390925,0.0287499999984675,,completed
FeedDrag,0x12c,34.147950333,34.464501625,316.55129199999976,item=game_0013,drag ended
WebPoolReconcile,0x12d,34.148250291,34.148300083,0.04979200000576611,current=game_0013 eligible=none,completed
FeedRenderCells,0x12e,34.148273166,34.148298458,0.025291999996568393,,completed
FeedDeceleration,0x12f,34.464505708,34.789546583,325.0408750000062,,settled
FeedSettle,0x130,34.789550541,34.789729333,0.17879199999981665,,completed
FeedAssignWindow,0x131,34.789562416,34.789629541,0.0671249999939505,item=game_0014,completed
FeedRenderCells,0x132,34.789588125,34.7896245,0.03637500000053251,,completed
FeedWebViewDetach,0x133,34.789892,34.790218833,0.32683299999547444,item=game_0013,completed
WebPoolReconcile,0x134,34.790336666,34.790641708,0.3050420000008103,current=game_0014 eligible=game_0014,completed
WebSlotReset,0x135,34.790348791,34.790606666,0.25787500000262753,item=game_0012,completed
FeedRenderCells,0x136,34.79062625,34.790640291,0.014041000000020176,,completed
WebPoolReconcile,0x137,35.020337666,35.021539625,1.2019589999994196,current=game_0014 eligible=game_0014,completed
WebLoadToReady,0x138,35.020421625,38.424495625,3404.0740000000014,item=game_0014 role=current slot=2,reset or cancelled
FeedRenderCells,0x139,35.020642333,35.021537416,0.8950830000031829,,completed
FeedWebViewAttach,0x13a,35.020652875,35.021355083,0.7022079999998709,item=game_0014,completed
FeedRenderCells,0x13b,35.033491625,35.033509333,0.017707999994343027,,completed
FeedDrag,0x13c,35.915007916,36.181475791,266.46787499999647,item=game_0014,drag ended
WebPoolReconcile,0x13d,35.915761125,35.915815041,0.05391599999882146,current=game_0014 eligible=none,completed
FeedRenderCells,0x13e,35.915784041,35.915813125,0.029083999997681076,,completed
FeedDeceleration,0x13f,36.181479458,36.523278291,341.7988329999986,,settled
FeedSettle,0x140,36.523281791,36.523467958,0.18616699999540742,,completed
FeedAssignWindow,0x141,36.523292708,36.523360083,0.06737500000042473,item=game_0015,completed
FeedRenderCells,0x142,36.523317708,36.523354708,0.036999999998954536,,completed
FeedWebViewDetach,0x143,36.523634958,36.523964041,0.32908299999689916,item=game_0014,completed
WebPoolReconcile,0x144,36.524079625,36.524368375,0.28875000000283535,current=game_0015 eligible=game_0015,completed
WebSlotReset,0x145,36.524088291,36.524331958,0.24366699999944785,item=game_0013,completed
FeedRenderCells,0x146,36.524352958,36.524366916,0.013957999996705439,,completed
WebPoolReconcile,0x147,36.666290625,36.667125541,0.8349159999951894,current=game_0015 eligible=game_0015,completed
WebLoadToReady,0x148,36.6663605,41.725041,5058.680499999994,item=game_0015 role=current slot=1,reset or cancelled
FeedRenderCells,0x149,36.666496083,36.667123416,0.627333000004171,,completed
FeedWebViewAttach,0x14a,36.666502958,36.666968041,0.4650829999945927,item=game_0015,completed
FeedRenderCells,0x14b,36.676656041,36.676694125,0.03808399999627454,,completed
FeedDrag,0x14c,37.448495125,38.081791875,633.2967499999995,item=game_0015,drag ended
WebPoolReconcile,0x14d,37.449197416,37.449263125,0.06570900000468782,current=game_0015 eligible=none,completed
FeedRenderCells,0x14e,37.449221083,37.449261291,0.040208000001484834,,completed
WebPoolReconcile,0x14f,37.746181833,37.747251666,1.0698329999954126,current=game_0015 eligible=none,completed
WebLoadToReady,0x150,37.746249708,43.458719458,5712.469749999997,item=game_0016 role=adjacent slot=0,reset or cancelled
FeedRenderCells,0x151,37.746377916,37.747249875,0.8719590000012545,,completed
FeedWebViewAttach,0x152,37.746385,37.747084583,0.6995830000064984,item=game_0016,completed
FeedRenderCells,0x153,37.752458625,37.752493125,0.034499999998161,,completed
FeedDeceleration,0x154,38.081795708,38.423548208,341.75249999999835,,settled
FeedSettle,0x155,38.423551916,38.423745375,0.1934590000018943,,completed
FeedAssignWindow,0x156,38.423562625,38.423647791,0.0851659999980825,item=game_0016,completed
FeedRenderCells,0x157,38.423587333,38.423627958,0.04062499999690772,,completed
FeedWebViewDetach,0x158,38.42391425,38.42424975,0.3354999999984898,item=game_0015,completed
WebPoolReconcile,0x159,38.42437075,38.424666333,0.2955829999962134,current=game_0016 eligible=game_0016,completed
WebSlotReset,0x15a,38.424391583,38.424629333,0.23774999999659485,item=game_0014,completed
FeedRenderCells,0x15b,38.424648166,38.424664958,0.016792000003817975,,completed
FeedFilter,0x15c,38.424684625,38.424699916,0.015291000003969657,count=20,completed
FeedFilter,0x15d,38.42473925,38.424750958,0.011707999995280716,count=20,completed
FeedFilter,0x15e,38.424763041,38.424773375,0.010334000002387711,count=20,completed
FeedPageLoad,0x15f,38.424785166,38.845416208,420.6310420000037,page=2 generation=3 attempt=0,completed
FeedFilter,0x160,38.845352208,38.845368875,0.016666999997028142,count=30,completed
FeedFilter,0x161,38.845419916,38.84543375,0.013834000000656488,count=30,completed
FeedSnapshot,0x162,38.845845583,38.849544333,3.6987499999980855,old=16 new=25 revision=3,completed
WebPoolReconcile,0x163,38.849312208,38.849413625,0.10141699999621778,current=game_0016 eligible=none,completed
FeedRenderCells,0x164,38.84938775,38.84941175,0.02400000000335467,,completed
FeedAssignWindow,0x165,38.849434333,38.849474708,0.040375000004644335,item=game_0016,completed
FeedRenderCells,0x166,38.84945125,38.849460958,0.00970800000033023,,completed
WebPoolReconcile,0x167,38.849632666,38.849657875,0.025209000000359083,current=game_0016 eligible=game_0016,completed
FeedRenderCells,0x168,38.849647125,38.849656583,0.00945800000096142,,completed
WebPoolReconcile,0x169,38.881185041,38.88150125,0.31620899999751373,current=game_0016 eligible=game_0016,completed
WebLoadToReady,0x16a,38.881281708,45.192184583,6310.902874999996,item=game_0017 role=adjacent slot=2,reset or cancelled
FeedRenderCells,0x16b,38.881475208,38.881499583,0.024375000002407887,,completed
FeedRenderCells,0x16c,38.900762916,38.9007955,0.03258400000305528,,completed
FeedDrag,0x16d,40.732159708,41.382215875,650.0561670000025,item=game_0016,drag ended
FeedWebViewAttach,0x16e,40.732412541,40.732839583,0.42704199999832326,item=game_0017,completed
WebPoolReconcile,0x16f,40.733295041,40.733317958,0.02291700000256469,current=game_0016 eligible=none,completed
FeedRenderCells,0x170,40.733307416,40.733317208,0.009792000000174994,,completed
FeedDeceleration,0x171,41.382217833,41.724066041,341.8482080000018,,settled
FeedSettle,0x172,41.724069791,41.724302541,0.2327500000021132,,completed
FeedAssignWindow,0x173,41.724080875,41.724173875,0.09299999999967667,item=game_0017,completed
FeedRenderCells,0x174,41.724108791,41.72416775,0.05895900000041365,,completed
FeedWebViewDetach,0x175,41.724465666,41.724805041,0.3393750000029172,item=game_0016,completed
WebPoolReconcile,0x176,41.724919833,41.725221208,0.301374999999382,current=game_0017 eligible=game_0017,completed
WebSlotReset,0x177,41.724930125,41.725182,0.2518749999964598,item=game_0015,completed
FeedRenderCells,0x178,41.725201041,41.72521975,0.01870900000255915,,completed
WebPoolReconcile,0x179,41.953825083,41.954120458,0.2953750000003197,current=game_0017 eligible=game_0017,completed
WebLoadToReady,0x17a,41.953915625,46.942543458,4988.627833000002,item=game_0019 role=adjacent slot=1,reset or cancelled
FeedRenderCells,0x17b,41.954092291,41.954118791,0.026499999997042778,,completed
FeedRenderCells,0x17c,41.962795041,41.962819125,0.024084000003199435,,completed
FeedDrag,0x17d,42.83326625,43.124362541,291.09629100000234,item=game_0017,drag ended
WebPoolReconcile,0x17e,42.833695916,42.833749125,0.053208999993614725,current=game_0017 eligible=none,completed
FeedRenderCells,0x17f,42.833719791,42.8337475,0.027709000001152617,,completed
FeedWebViewAttach,0x180,42.849354666,42.850129291,0.7746249999982524,item=game_0019,completed
FeedDeceleration,0x181,43.124366458,43.457762875,333.396417000003,,settled
FeedSettle,0x182,43.457766625,43.457960958,0.19433300000315512,,completed
FeedAssignWindow,0x183,43.457778083,43.457854583,0.0764999999987026,item=game_0019,completed
FeedRenderCells,0x184,43.457805958,43.4578485,0.042541999995648894,,completed
FeedWebViewDetach,0x185,43.458131916,43.458477708,0.3457919999974024,item=game_0017,completed
WebPoolReconcile,0x186,43.458601333,43.458901625,0.30029200000569745,current=game_0019 eligible=game_0019,completed
WebSlotReset,0x187,43.458609958,43.458861708,0.2517500000038808,item=game_0016,completed
FeedRenderCells,0x188,43.458882708,43.458900166,0.017458000002079643,,completed
WebPoolReconcile,0x189,43.836121833,43.836443083,0.32124999999894044,current=game_0019 eligible=game_0019,completed
WebLoadToReady,0x18a,43.836189,48.359482333,4523.293333000005,item=game_0020 role=adjacent slot=0,reset or cancelled
FeedRenderCells,0x18b,43.8364035,43.836437541,0.03404099999926302,,completed
FeedRenderCells,0x18c,43.840330708,43.840355916,0.02520799999672363,,completed
FeedDrag,0x18d,44.416520208,44.849617083,433.0968749999968,item=game_0019,drag ended
WebPoolReconcile,0x18e,44.416766,44.416841916,0.07591600000012022,current=game_0019 eligible=none,completed
FeedRenderCells,0x18f,44.416788833,44.4168395,0.05066700000355695,,completed
FeedWebViewAttach,0x190,44.433097458,44.434696583,1.5991249999984802,item=game_0020,completed
FeedDeceleration,0x191,44.849620791,45.191285416,341.66462499999994,,settled
FeedSettle,0x192,45.191289208,45.191479625,0.19041699999888806,,completed
FeedAssignWindow,0x193,45.191301625,45.191375041,0.07341599999932669,item=game_0020,completed
FeedRenderCells,0x194,45.19132875,45.191368875,0.040125000005275524,,completed
FeedWebViewDetach,0x195,45.191629625,45.191958541,0.3289160000008451,item=game_0019,completed
WebPoolReconcile,0x196,45.192068583,45.192373791,0.3052080000003343,current=game_0020 eligible=game_0020,completed
WebSlotReset,0x197,45.192079333,45.1923365,0.25716700000089077,item=game_0017,completed
FeedRenderCells,0x198,45.192355208,45.192372416,0.017207999995605405,,completed
WebPoolReconcile,0x199,46.085539,46.085839625,0.30062500000127557,current=game_0020 eligible=game_0020,completed
WebLoadToReady,0x19a,46.085640416,49.875692833,3790.0524170000053,item=game_0021 role=adjacent slot=2,reset or cancelled
FeedRenderCells,0x19b,46.085812875,46.085837916,0.025041000000669555,,completed
FeedRenderCells,0x19c,46.094253208,46.09427875,0.02554200000304263,,completed
FeedDrag,0x19d,46.333535083,46.599890583,266.35549999999597,item=game_0020,drag ended
WebPoolReconcile,0x19e,46.333776125,46.333825958,0.04983299999850033,current=game_0020 eligible=none,completed
FeedRenderCells,0x19f,46.333798416,46.333824333,0.025917000002095847,,completed
FeedWebViewAttach,0x1a0,46.350025333,46.351065166,1.039833000000101,item=game_0021,completed
FeedDeceleration,0x1a1,46.599894458,46.941602875,341.70841699999954,,settled
FeedSettle,0x1a2,46.941606833,46.941812375,0.20554199999622824,,completed
FeedAssignWindow,0x1a3,46.941617625,46.941692416,0.07479100000296057,item=game_0021,completed
FeedRenderCells,0x1a4,46.941645333,46.941685916,0.04058300000053805,,completed
FeedWebViewDetach,0x1a5,46.941976708,46.942309291,0.33258300000227337,item=game_0020,completed
WebPoolReconcile,0x1a6,46.942423666,46.942717041,0.2933749999982638,current=game_0021 eligible=game_0021,completed
WebSlotReset,0x1a7,46.942433833,46.942677125,0.24329200000039464,item=game_0019,completed
FeedRenderCells,0x1a8,46.942697666,46.942715666,0.017999999997186933,,completed
WebPoolReconcile,0x1a9,47.009957541,47.010268666,0.3111250000031873,current=game_0021 eligible=game_0021,completed
WebLoadToReady,0x1aa,47.010046,51.526892583,4516.846582999996,item=game_0022 role=adjacent slot=1,reset or cancelled
FeedRenderCells,0x1ab,47.010240791,47.010267,0.026208999997834326,,completed
FeedRenderCells,0x1ac,47.02557775,47.025608041,0.030291000001625434,,completed
FeedDrag,0x1ad,47.600167208,48.01689025,416.723042000001,item=game_0021,drag ended
FeedWebViewAttach,0x1ae,47.600587833,47.601569083,0.981250000002376,item=game_0022,completed
WebPoolReconcile,0x1af,47.602366291,47.602426916,0.060624999996150564,current=game_0021 eligible=none,completed
FeedRenderCells,0x1b0,47.602397458,47.602425125,0.02766700000478295,,completed
FeedDeceleration,0x1b1,48.016893875,48.358503833,341.6099579999994,,settled
FeedSettle,0x1b2,48.35850775,48.358710291,0.20254100000016706,,completed
FeedAssignWindow,0x1b3,48.358520583,48.358600708,0.08012499999665579,item=game_0022,completed
FeedRenderCells,0x1b4,48.3585505,48.358593916,0.043415999996909704,,completed
FeedWebViewDetach,0x1b5,48.358883791,48.359217208,0.33341700000022456,item=game_0021,completed
WebPoolReconcile,0x1b6,48.359362541,48.359654583,0.292041999998105,current=game_0022 eligible=game_0022,completed
WebSlotReset,0x1b7,48.359371625,48.359613541,0.24191600000023072,item=game_0020,completed
FeedRenderCells,0x1b8,48.359635333,48.359653041,0.017708000001448454,,completed
WebPoolReconcile,0x1b9,48.71599575,48.716286916,0.2911660000037841,current=game_0022 eligible=game_0022,completed
FeedRenderCells,0x1bb,48.716260875,48.716285208,0.02433299999893279,,completed
FeedRenderCells,0x1bc,48.72452475,48.724550375,0.02562499999925194,,completed
FeedDrag,0x1bd,49.217097083,49.533739291,316.64220800000464,item=game_0022,drag ended
FeedWebViewAttach,0x1be,49.217535416,49.218710541,1.1751250000031632,item=game_0023,completed
WebPoolReconcile,0x1bf,49.219543541,49.219592708,0.04916700000023866,current=game_0022 eligible=none,completed
FeedRenderCells,0x1c0,49.219566083,49.219591083,0.025000000000829914,,completed
FeedDeceleration,0x1c1,49.533743208,49.875324458,341.5812500000044,,settled
FeedWebViewDetach,0x1c2,49.858668916,49.858887416,0.21850000000256387,item=game_0022,completed
FeedSettle,0x1c3,49.875327041,49.875474416,0.14737500000450154,,completed
FeedAssignWindow,0x1c4,49.875336666,49.875386166,0.04949999999581678,item=game_0023,completed
FeedRenderCells,0x1c5,49.875358333,49.875381083,0.02274999999940519,,completed
WebPoolReconcile,0x1c6,49.875621916,49.875838041,0.21612500000145474,current=game_0023 eligible=game_0023,completed
WebSlotReset,0x1c7,49.875629708,49.875799458,0.16975000000485352,item=game_0021,completed
FeedRenderCells,0x1c8,49.875813458,49.875830416,0.016957999996236595,,completed
WebPoolReconcile,0x1c9,50.033497083,50.033821,0.3239170000028935,current=game_0023 eligible=game_0023,completed
FeedRenderCells,0x1cb,50.03379325,50.033819291,0.026040999998144798,,completed
FeedRenderCells,0x1cc,50.051186541,50.05121625,0.02970900000320853,,completed
FeedDrag,0x1cd,50.734030333,51.176006041,441.9757080000011,item=game_0023,drag ended
FeedWebViewAttach,0x1ce,50.7345815,50.735632833,1.051332999999488,item=game_0024,completed
WebPoolReconcile,0x1cf,50.73642225,50.736472291,0.05004100000149947,current=game_0023 eligible=none,completed
FeedRenderCells,0x1d0,50.736445125,50.736470583,0.02545799999609244,,completed
FeedDeceleration,0x1d1,51.176008083,51.525659041,349.650957999998,,settled
FeedSettle,0x1d2,51.525662458,51.525860541,0.1980830000007927,,completed
FeedAssignWindow,0x1d3,51.52567375,51.525744041,0.07029100000011113,item=game_0024,completed
FeedRenderCells,0x1d4,51.525697333,51.525736791,0.0394580000033784,,completed
FeedWebViewDetach,0x1d5,51.526016208,51.526684791,0.6685829999995008,item=game_0023,completed
WebPoolReconcile,0x1d6,51.526788458,51.527068791,0.2803329999991888,current=game_0024 eligible=game_0024,completed
WebSlotReset,0x1d7,51.526797208,51.527031875,0.2346670000008544,item=game_0022,completed
FeedRenderCells,0x1d8,51.527051875,51.527067291,0.015416000003654062,,completed
